AppelKey,Libelle_code_appel,Code_appel,Held,Raccroche_agent,Interruptdel,Numero_compose
1,answered,2.0,5.0,1.0,0.0,2788675.0
2,answered,2.0,7.0,0.0,0.0,2788675.0
3,answered,2.0,7.0,1.0,0.0,2788675.0
4,answered,2.0,4.0,0.0,0.0,2788675.0
5,answered,2.0,6.0,1.0,0.0,2796550.0
6,answered,2.0,4.0,0.0,0.0,2796549.0
7,answered,2.0,4.0,1.0,0.0,2796569.0
8,answered,2.0,4.0,1.0,0.0,2796504.0
9,answered,2.0,5.0,0.0,0.0,2796551.0
10,answered,2.0,5.0,1.0,0.0,2796514.0
11,answered,2.0,8.0,0.0,0.0,2788656.0
12,answered,2.0,4.0,0.0,0.0,2788688.0
13,answered,2.0,4.0,0.0,0.0,2796584.0
14,answered,2.0,4.0,1.0,0.0,2788592.0
15,answered,2.0,7.0,1.0,0.0,2796604.0
16,answered,2.0,3.0,1.0,0.0,2796600.0
17,answered,2.0,3.0,0.0,0.0,2796514.0
18,answered,2.0,3.0,1.0,0.0,2796513.0
19,answered,2.0,3.0,1.0,0.0,2796514.0
20,answered,2.0,3.0,1.0,0.0,2796008.0
21,answered,2.0,3.0,1.0,0.0,2796681.0
22,answered,2.0,3.0,0.0,0.0,2788616.0
23,answered,2.0,3.0,1.0,0.0,2796024.0
24,answered,2.0,3.0,0.0,0.0,2788592.0
25,answered,2.0,3.0,1.0,0.0,2796586.0
26,answered,2.0,3.0,0.0,0.0,2788649.0
27,answered,2.0,3.0,0.0,0.0,2796587.0
28,answered,2.0,3.0,1.0,0.0,2796587.0
29,answered,2.0,3.0,1.0,0.0,2796515.0
30,answered,2.0,3.0,1.0,0.0,2796503.0
31,answered,2.0,3.0,1.0,0.0,2796584.0
32,answered,2.0,3.0,1.0,0.0,2788617.0
33,answered,2.0,3.0,0.0,0.0,2796504.0
34,answered,2.0,3.0,1.0,0.0,2788576.0
35,answered,2.0,3.0,1.0,0.0,2788681.0
36,answered,2.0,3.0,0.0,0.0,2788646.0
37,answered,2.0,3.0,1.0,0.0,2796501.0
38,answered,2.0,3.0,1.0,0.0,2796506.0
39,answered,2.0,3.0,1.0,0.0,2796551.0
40,answered,2.0,3.0,0.0,0.0,2796596.0
41,answered,2.0,3.0,0.0,0.0,2796009.0
42,answered,2.0,3.0,0.0,0.0,2796503.0
43,answered,2.0,3.0,0.0,0.0,2788617.0
44,answered,2.0,3.0,0.0,0.0,2788589.0
45,answered,2.0,3.0,1.0,0.0,2796618.0
46,answered,2.0,3.0,1.0,0.0,2796707.0
47,answered,2.0,3.0,1.0,0.0,2796504.0
48,answered,2.0,3.0,1.0,0.0,2796604.0
49,answered,2.0,3.0,0.0,0.0,2788671.0
50,answered,2.0,3.0,0.0,0.0,2788654.0
51,answered,2.0,3.0,0.0,0.0,2796551.0
52,answered,2.0,3.0,1.0,0.0,2796569.0
53,answered,2.0,3.0,0.0,0.0,2788637.0
54,answered,2.0,3.0,0.0,0.0,2788621.0
55,answered,2.0,3.0,0.0,0.0,2796584.0
56,answered,2.0,3.0,1.0,0.0,2796509.0
57,answered,2.0,3.0,1.0,0.0,2788603.0
58,answered,2.0,3.0,0.0,0.0,2788675.0
59,answered,2.0,3.0,1.0,0.0,2788650.0
60,answered,2.0,3.0,0.0,0.0,2796560.0
61,answered,2.0,3.0,0.0,0.0,2796586.0
62,answered,2.0,3.0,0.0,0.0,2796591.0
63,answered,2.0,2.0,0.0,0.0,2796596.0
64,answered,2.0,2.0,0.0,0.0,2796600.0
65,answered,2.0,2.0,1.0,0.0,2796713.0
66,answered,2.0,2.0,1.0,0.0,2796600.0
67,answered,2.0,2.0,1.0,0.0,2796604.0
68,answered,2.0,2.0,0.0,0.0,2796604.0
69,answered,2.0,2.0,0.0,0.0,2796587.0
70,answered,2.0,2.0,1.0,0.0,2796587.0
71,answered,2.0,2.0,1.0,0.0,2788590.0
72,answered,2.0,2.0,1.0,0.0,2796671.0
73,answered,2.0,2.0,1.0,0.0,2796513.0
74,answered,2.0,2.0,1.0,0.0,2788686.0
75,answered,2.0,2.0,1.0,0.0,2788609.0
76,answered,2.0,2.0,1.0,0.0,2796503.0
77,answered,2.0,2.0,1.0,0.0,2796010.0
78,answered,2.0,2.0,0.0,0.0,2796619.0
79,answered,2.0,2.0,1.0,0.0,2788621.0
80,answered,2.0,2.0,1.0,0.0,2788589.0
81,answered,2.0,2.0,0.0,0.0,2788660.0
82,answered,2.0,2.0,1.0,0.0,2788620.0
83,answered,2.0,2.0,1.0,0.0,2788615.0
84,answered,2.0,2.0,0.0,0.0,2788624.0
85,answered,2.0,2.0,0.0,0.0,2796543.0
86,answered,2.0,2.0,0.0,0.0,2796574.0
87,answered,2.0,2.0,1.0,0.0,2788673.0
88,answered,2.0,2.0,1.0,0.0,2796020.0
89,answered,2.0,2.0,1.0,0.0,2796591.0
90,answered,2.0,2.0,1.0,0.0,2796504.0
91,answered,2.0,2.0,1.0,0.0,2796569.0
92,answered,2.0,2.0,0.0,0.0,2796013.0
93,answered,2.0,2.0,0.0,0.0,2788600.0
94,answered,2.0,2.0,0.0,0.0,2796006.0
95,answered,2.0,2.0,0.0,0.0,2788657.0
96,answered,2.0,2.0,0.0,0.0,2788689.0
97,answered,2.0,2.0,0.0,0.0,2788688.0
98,answered,2.0,2.0,0.0,0.0,2796591.0
99,answered,2.0,2.0,0.0,0.0,2796003.0
100,answered,2.0,2.0,0.0,0.0,2796560.0
101,answered,2.0,2.0,0.0,0.0,2788681.0
102,answered,2.0,2.0,0.0,0.0,2788678.0
103,answered,2.0,2.0,0.0,0.0,2796509.0
104,answered,2.0,2.0,1.0,0.0,2788592.0
105,answered,2.0,2.0,0.0,0.0,2796569.0
106,answered,2.0,2.0,0.0,0.0,2796017.0
107,answered,2.0,2.0,0.0,0.0,2796621.0
108,answered,2.0,2.0,0.0,0.0,2788619.0
109,answered,2.0,2.0,0.0,0.0,2788576.0
110,answered,2.0,2.0,1.0,0.0,2788588.0
111,answered,2.0,2.0,0.0,0.0,2788616.0
112,answered,2.0,2.0,0.0,0.0,2788643.0
113,answered,2.0,2.0,1.0,0.0,2788608.0
114,answered,2.0,2.0,1.0,0.0,2796008.0
115,answered,2.0,2.0,0.0,0.0,2796501.0
116,answered,2.0,2.0,1.0,0.0,2796618.0
117,answered,2.0,2.0,1.0,0.0,2796584.0
118,answered,2.0,2.0,1.0,0.0,2788631.0
119,answered,2.0,2.0,0.0,0.0,2788644.0
120,answered,2.0,2.0,1.0,0.0,2788689.0
121,answered,2.0,2.0,0.0,0.0,2788592.0
122,answered,2.0,2.0,0.0,0.0,2788675.0
123,answered,2.0,2.0,0.0,0.0,2796502.0
124,answered,2.0,2.0,0.0,0.0,2788621.0
125,answered,2.0,2.0,1.0,0.0,2788675.0
126,answered,2.0,2.0,0.0,0.0,2788670.0
127,answered,2.0,2.0,0.0,0.0,2788659.0
128,answered,2.0,2.0,0.0,0.0,2788683.0
129,answered,2.0,2.0,0.0,0.0,2796503.0
130,answered,2.0,2.0,0.0,0.0,2796514.0
131,answered,2.0,2.0,0.0,0.0,2796586.0
132,answered,2.0,2.0,1.0,0.0,2796586.0
133,answered,2.0,2.0,0.0,0.0,2796610.0
134,answered,2.0,2.0,0.0,0.0,2788574.0
135,answered,2.0,2.0,0.0,0.0,2796559.0
136,answered,2.0,2.0,0.0,0.0,2796618.0
137,answered,2.0,2.0,0.0,0.0,2796550.0
138,answered,2.0,2.0,0.0,0.0,2788584.0
139,answered,2.0,2.0,0.0,0.0,2796504.0
140,answered,2.0,2.0,0.0,0.0,2796667.0
141,answered,2.0,2.0,0.0,0.0,2788612.0
142,answered,2.0,2.0,0.0,0.0,2796011.0
143,answered,2.0,2.0,0.0,0.0,2788581.0
144,answered,2.0,2.0,0.0,0.0,2788634.0
145,answered,2.0,2.0,0.0,0.0,2796670.0
146,answered,2.0,2.0,0.0,0.0,2796010.0
147,answered,2.0,2.0,0.0,0.0,2788687.0
148,answered,2.0,2.0,0.0,0.0,2788618.0
149,answered,2.0,2.0,0.0,0.0,2796505.0
150,answered,2.0,2.0,0.0,0.0,2788589.0
151,answered,2.0,2.0,0.0,0.0,2796606.0
152,answered,2.0,2.0,0.0,0.0,2796713.0
153,answered,2.0,2.0,0.0,0.0,2796707.0
154,answered,2.0,2.0,1.0,0.0,2796596.0
155,answered,2.0,2.0,0.0,0.0,2796681.0
156,answered,2.0,2.0,0.0,0.0,2796588.0
157,answered,2.0,2.0,1.0,0.0,2796543.0
158,answered,2.0,2.0,0.0,0.0,2796024.0
159,answered,2.0,2.0,0.0,0.0,2788666.0
160,answered,2.0,2.0,0.0,0.0,2788630.0
161,answered,2.0,2.0,0.0,0.0,2788648.0
162,answered,2.0,2.0,0.0,0.0,2796020.0
163,answered,2.0,2.0,0.0,0.0,2788613.0
164,answered,2.0,2.0,0.0,0.0,2788658.0
165,answered,2.0,2.0,1.0,0.0,2796647.0
166,answered,2.0,2.0,0.0,0.0,2796012.0
167,answered,2.0,2.0,1.0,0.0,2796006.0
168,answered,2.0,2.0,0.0,0.0,2788691.0
169,answered,2.0,2.0,0.0,0.0,2796004.0
170,answered,2.0,2.0,0.0,0.0,2788697.0
171,answered,2.0,2.0,0.0,0.0,2796008.0
172,answered,2.0,2.0,1.0,0.0,2796615.0
173,answered,2.0,2.0,0.0,0.0,2788645.0
174,answered,2.0,2.0,1.0,0.0,2796548.0
175,answered,2.0,2.0,1.0,0.0,2796652.0
176,answered,2.0,2.0,0.0,0.0,2788693.0
177,answered,2.0,2.0,1.0,0.0,2796515.0
178,answered,2.0,2.0,1.0,0.0,2788610.0
179,answered,2.0,2.0,1.0,0.0,2788668.0
180,answered,2.0,2.0,1.0,0.0,2796633.0
181,answered,2.0,2.0,1.0,0.0,2788628.0
182,answered,2.0,2.0,1.0,0.0,2788623.0
183,answered,2.0,2.0,1.0,0.0,2788695.0
184,answered,2.0,2.0,1.0,0.0,2796547.0
185,answered,2.0,2.0,1.0,0.0,2796009.0
186,answered,2.0,2.0,1.0,0.0,2796549.0
187,answered,2.0,2.0,1.0,0.0,2796512.0
188,answered,2.0,2.0,0.0,0.0,2796615.0
189,answered,2.0,2.0,1.0,0.0,2796509.0
190,answered,2.0,2.0,0.0,0.0,2796001.0
191,answered,2.0,2.0,0.0,0.0,2796675.0
192,answered,2.0,2.0,0.0,0.0,2788603.0
193,answered,2.0,2.0,0.0,0.0,2788668.0
194,answered,2.0,2.0,0.0,0.0,2796589.0
195,answered,2.0,2.0,0.0,0.0,2796633.0
196,answered,2.0,2.0,0.0,0.0,2788674.0
197,answered,2.0,2.0,0.0,0.0,2788649.0
198,answered,2.0,2.0,0.0,0.0,2788669.0
199,answered,2.0,2.0,1.0,0.0,2788666.0
200,answered,2.0,2.0,0.0,0.0,2796647.0
201,answered,2.0,2.0,0.0,0.0,2788637.0
202,answered,2.0,2.0,0.0,0.0,2788684.0
203,answered,2.0,2.0,1.0,0.0,2788641.0
204,answered,2.0,2.0,0.0,0.0,2788679.0
205,answered,2.0,2.0,0.0,0.0,2788623.0
206,answered,2.0,2.0,0.0,0.0,2788620.0
207,answered,2.0,2.0,0.0,0.0,2796507.0
208,answered,2.0,2.0,1.0,0.0,2796506.0
209,answered,2.0,2.0,0.0,0.0,2788686.0
210,answered,2.0,2.0,0.0,0.0,2796022.0
211,answered,2.0,2.0,1.0,0.0,2796514.0
212,answered,2.0,2.0,0.0,0.0,2788631.0
213,answered,2.0,2.0,1.0,0.0,2796537.0
214,answered,2.0,2.0,1.0,0.0,2788656.0
215,answered,2.0,2.0,1.0,0.0,2788576.0
216,answered,2.0,2.0,0.0,0.0,2788636.0
217,answered,2.0,2.0,1.0,0.0,2796551.0
218,answered,2.0,2.0,1.0,0.0,2796502.0
219,answered,2.0,2.0,0.0,0.0,2796526.0
220,answered,2.0,2.0,1.0,0.0,2796501.0
221,answered,2.0,2.0,1.0,0.0,2788698.0
222,answered,2.0,2.0,0.0,0.0,2796549.0
223,answered,2.0,2.0,1.0,0.0,2796004.0
224,answered,2.0,2.0,1.0,0.0,2796689.0
225,answered,2.0,2.0,0.0,0.0,2788607.0
226,answered,2.0,2.0,1.0,0.0,2796003.0
227,answered,2.0,2.0,1.0,0.0,2788646.0
228,answered,2.0,2.0,1.0,0.0,2788582.0
229,answered,2.0,2.0,1.0,0.0,2796012.0
230,answered,2.0,2.0,1.0,0.0,2788642.0
231,answered,2.0,2.0,0.0,0.0,2796516.0
232,answered,2.0,2.0,1.0,0.0,2796621.0
233,answered,2.0,2.0,1.0,0.0,2796539.0
234,answered,2.0,2.0,1.0,0.0,2788677.0
235,answered,2.0,2.0,0.0,0.0,2788642.0
236,answered,2.0,2.0,0.0,0.0,2788587.0
237,answered,2.0,2.0,0.0,0.0,2796506.0
238,answered,2.0,2.0,1.0,0.0,2796013.0
239,answered,2.0,2.0,1.0,0.0,2796675.0
240,answered,2.0,2.0,0.0,0.0,2796671.0
241,answered,2.0,2.0,1.0,0.0,2788638.0
242,answered,2.0,2.0,1.0,0.0,2788674.0
243,answered,2.0,2.0,1.0,0.0,2796535.0
244,answered,2.0,2.0,1.0,0.0,2788612.0
245,answered,2.0,2.0,1.0,0.0,2796601.0
246,answered,2.0,2.0,1.0,0.0,2796606.0
247,answered,2.0,1.0,0.0,0.0,2796707.0
248,answered,2.0,1.0,0.0,0.0,2796713.0
249,answered,2.0,1.0,0.0,0.0,2796601.0
250,answered,2.0,1.0,1.0,0.0,2796601.0
251,answered,2.0,1.0,1.0,0.0,2796708.0
252,answered,2.0,1.0,0.0,0.0,2796598.0
253,answered,2.0,1.0,1.0,0.0,2796596.0
254,answered,2.0,1.0,0.0,0.0,2796711.0
255,answered,2.0,1.0,1.0,0.0,2796713.0
256,answered,2.0,1.0,1.0,0.0,2796707.0
257,answered,2.0,1.0,0.0,0.0,2796596.0
258,answered,2.0,1.0,0.0,0.0,2796719.0
259,answered,2.0,1.0,1.0,0.0,2796715.0
260,answered,2.0,1.0,1.0,0.0,2796597.0
261,answered,2.0,1.0,1.0,0.0,2796716.0
262,answered,2.0,1.0,0.0,0.0,2796705.0
263,answered,2.0,1.0,1.0,0.0,2796711.0
264,answered,2.0,1.0,0.0,0.0,2796708.0
265,answered,2.0,1.0,1.0,0.0,2796606.0
266,answered,2.0,1.0,0.0,0.0,2796606.0
267,answered,2.0,1.0,0.0,0.0,2796597.0
268,answered,2.0,1.0,1.0,0.0,2796605.0
269,answered,2.0,1.0,1.0,0.0,2796719.0
270,answered,2.0,1.0,1.0,0.0,2796600.0
271,answered,2.0,1.0,0.0,0.0,2796600.0
272,answered,2.0,1.0,0.0,0.0,2796586.0
273,answered,2.0,1.0,1.0,0.0,2796586.0
274,answered,2.0,1.0,1.0,0.0,2788685.0
275,answered,2.0,1.0,1.0,0.0,2796624.0
276,answered,2.0,1.0,1.0,0.0,2796550.0
277,answered,2.0,1.0,1.0,0.0,2788574.0
278,answered,2.0,1.0,1.0,0.0,2796008.0
279,answered,2.0,1.0,1.0,0.0,2788620.0
280,answered,2.0,1.0,1.0,0.0,2796698.0
281,answered,2.0,1.0,1.0,0.0,2788622.0
282,answered,2.0,1.0,1.0,0.0,2796613.0
283,answered,2.0,1.0,1.0,0.0,2788674.0
284,answered,2.0,1.0,1.0,0.0,2788653.0
285,answered,2.0,1.0,1.0,0.0,2796618.0
286,answered,2.0,1.0,1.0,0.0,2788661.0
287,answered,2.0,1.0,1.0,0.0,2796671.0
288,answered,2.0,1.0,1.0,0.0,2788638.0
289,answered,2.0,1.0,1.0,0.0,2788623.0
290,answered,2.0,1.0,1.0,0.0,2788603.0
291,answered,2.0,1.0,1.0,0.0,2788608.0
292,answered,2.0,1.0,1.0,0.0,2788582.0
293,answered,2.0,1.0,1.0,0.0,2788691.0
294,answered,2.0,1.0,1.0,0.0,2796670.0
295,answered,2.0,1.0,1.0,0.0,2788675.0
296,answered,2.0,1.0,1.0,0.0,2788658.0
297,answered,2.0,1.0,1.0,0.0,2788654.0
298,answered,2.0,1.0,1.0,0.0,2788666.0
299,answered,2.0,1.0,1.0,0.0,2788624.0
300,answered,2.0,1.0,1.0,0.0,2796560.0
301,answered,2.0,1.0,1.0,0.0,2796020.0
302,answered,2.0,1.0,1.0,0.0,2788698.0
303,answered,2.0,1.0,1.0,0.0,2788621.0
304,answered,2.0,1.0,0.0,0.0,2788619.0
305,answered,2.0,1.0,0.0,0.0,2788587.0
306,answered,2.0,1.0,0.0,0.0,2788670.0
307,answered,2.0,1.0,0.0,0.0,2788576.0
308,answered,2.0,1.0,0.0,0.0,2788666.0
309,answered,2.0,1.0,0.0,0.0,2796618.0
310,answered,2.0,1.0,0.0,0.0,2788664.0
311,answered,2.0,1.0,0.0,0.0,2796676.0
312,answered,2.0,1.0,0.0,0.0,2788643.0
313,answered,2.0,1.0,0.0,0.0,2788668.0
314,answered,2.0,1.0,0.0,0.0,2788689.0
315,answered,2.0,1.0,0.0,0.0,2788675.0
316,answered,2.0,1.0,0.0,0.0,2796558.0
317,answered,2.0,1.0,0.0,0.0,2788679.0
318,answered,2.0,1.0,0.0,0.0,2796615.0
319,answered,2.0,1.0,0.0,0.0,2788638.0
320,answered,2.0,1.0,0.0,0.0,2788654.0
321,answered,2.0,1.0,1.0,0.0,2788642.0
322,answered,2.0,1.0,1.0,0.0,2788628.0
323,answered,2.0,1.0,1.0,0.0,2788688.0
324,answered,2.0,1.0,0.0,0.0,2796560.0
325,answered,2.0,1.0,1.0,0.0,2788696.0
326,answered,2.0,1.0,1.0,0.0,2796006.0
327,answered,2.0,1.0,1.0,0.0,2788645.0
328,answered,2.0,1.0,1.0,0.0,2796633.0
329,answered,2.0,1.0,1.0,0.0,2788673.0
330,answered,2.0,1.0,0.0,0.0,2788648.0
331,answered,2.0,1.0,0.0,0.0,2788637.0
332,answered,2.0,1.0,0.0,0.0,2788623.0
333,answered,2.0,1.0,1.0,0.0,2788641.0
334,answered,2.0,1.0,1.0,0.0,2788615.0
335,answered,2.0,1.0,0.0,0.0,2796006.0
336,answered,2.0,1.0,1.0,0.0,2788677.0
337,answered,2.0,1.0,0.0,0.0,2788671.0
338,answered,2.0,1.0,1.0,0.0,2796010.0
339,answered,2.0,1.0,0.0,0.0,2796013.0
340,answered,2.0,1.0,1.0,0.0,2796024.0
341,answered,2.0,1.0,1.0,0.0,2796615.0
342,answered,2.0,1.0,1.0,0.0,2796011.0
343,answered,2.0,1.0,0.0,0.0,2796022.0
344,answered,2.0,1.0,1.0,0.0,2788604.0
345,answered,2.0,1.0,0.0,0.0,2796671.0
346,answered,2.0,1.0,1.0,0.0,2788648.0
347,answered,2.0,1.0,1.0,0.0,2788670.0
348,answered,2.0,1.0,1.0,0.0,2788590.0
349,answered,2.0,1.0,1.0,0.0,2788618.0
350,answered,2.0,1.0,0.0,0.0,2796503.0
351,answered,2.0,1.0,1.0,0.0,2796009.0
352,answered,2.0,1.0,1.0,0.0,2788619.0
353,answered,2.0,1.0,1.0,0.0,2788660.0
354,answered,2.0,1.0,1.0,0.0,2796551.0
355,answered,2.0,1.0,1.0,0.0,2796017.0
356,answered,2.0,1.0,1.0,0.0,2788671.0
357,answered,2.0,1.0,1.0,0.0,2788576.0
358,answered,2.0,1.0,1.0,0.0,2788656.0
359,answered,2.0,1.0,1.0,0.0,2788681.0
360,answered,2.0,1.0,1.0,0.0,2788583.0
361,answered,2.0,1.0,0.0,0.0,2796008.0
362,answered,2.0,1.0,0.0,0.0,2796003.0
363,answered,2.0,1.0,0.0,0.0,2796610.0
364,answered,2.0,1.0,0.0,0.0,2796619.0
365,answered,2.0,1.0,0.0,0.0,2796633.0
366,answered,2.0,1.0,1.0,0.0,2796591.0
367,answered,2.0,1.0,1.0,0.0,2796556.0
368,answered,2.0,1.0,0.0,0.0,2796551.0
369,answered,2.0,1.0,0.0,0.0,2796010.0
370,answered,2.0,1.0,0.0,0.0,2788659.0
371,answered,2.0,1.0,1.0,0.0,2796559.0
372,answered,2.0,1.0,1.0,0.0,2788616.0
373,answered,2.0,1.0,0.0,0.0,2796012.0
374,answered,2.0,1.0,0.0,0.0,2796681.0
375,answered,2.0,1.0,0.0,0.0,2796000.0
376,answered,2.0,1.0,1.0,0.0,2796000.0
377,answered,2.0,1.0,1.0,0.0,2796549.0
378,answered,2.0,1.0,1.0,0.0,2796701.0
379,answered,2.0,1.0,0.0,0.0,2796514.0
380,answered,2.0,1.0,0.0,0.0,2796504.0
381,answered,2.0,1.0,1.0,0.0,2796503.0
382,answered,2.0,1.0,0.0,0.0,2796670.0
383,answered,2.0,1.0,0.0,0.0,2796569.0
384,answered,2.0,1.0,0.0,0.0,2788621.0
385,answered,2.0,1.0,0.0,0.0,2796509.0
386,answered,2.0,1.0,0.0,0.0,2788604.0
387,answered,2.0,1.0,0.0,0.0,2788681.0
388,answered,2.0,1.0,0.0,0.0,2796513.0
389,answered,2.0,1.0,0.0,0.0,2788603.0
390,answered,2.0,1.0,0.0,0.0,2788584.0
391,answered,2.0,1.0,0.0,0.0,2796584.0
392,answered,2.0,1.0,0.0,0.0,2788574.0
393,answered,2.0,1.0,0.0,0.0,2796675.0
394,answered,2.0,1.0,0.0,0.0,2796015.0
395,answered,2.0,1.0,0.0,0.0,2796502.0
396,answered,2.0,1.0,0.0,0.0,2796543.0
397,answered,2.0,1.0,0.0,0.0,2788693.0
398,answered,2.0,1.0,0.0,0.0,2796017.0
399,answered,2.0,1.0,0.0,0.0,2796591.0
400,answered,2.0,1.0,1.0,0.0,2796543.0
401,answered,2.0,1.0,1.0,0.0,2796584.0
402,answered,2.0,1.0,1.0,0.0,2796502.0
403,answered,2.0,1.0,1.0,0.0,2796681.0
404,answered,2.0,1.0,1.0,0.0,2788585.0
405,answered,2.0,1.0,0.0,0.0,2796550.0
406,answered,2.0,1.0,1.0,0.0,2788692.0
407,answered,2.0,1.0,1.0,0.0,2788690.0
408,answered,2.0,1.0,1.0,0.0,2796574.0
409,answered,2.0,1.0,0.0,0.0,2796001.0
410,answered,2.0,1.0,1.0,0.0,2796514.0
411,answered,2.0,1.0,0.0,0.0,2796009.0
412,answered,2.0,1.0,0.0,0.0,2796018.0
413,answered,2.0,1.0,0.0,0.0,2796011.0
414,answered,2.0,1.0,0.0,0.0,2796701.0
415,answered,2.0,1.0,0.0,0.0,2788624.0
416,answered,2.0,1.0,0.0,0.0,2788695.0
417,answered,2.0,1.0,0.0,0.0,2788620.0
418,answered,2.0,1.0,0.0,0.0,2796585.0
419,answered,2.0,1.0,0.0,0.0,2788615.0
420,answered,2.0,1.0,0.0,0.0,2796506.0
421,answered,2.0,1.0,1.0,0.0,2788643.0
422,answered,2.0,1.0,0.0,0.0,2796004.0
423,answered,2.0,1.0,0.0,0.0,2796655.0
424,answered,2.0,1.0,0.0,0.0,2788678.0
425,answered,2.0,1.0,0.0,0.0,2796024.0
426,answered,2.0,1.0,0.0,0.0,2788677.0
427,answered,2.0,1.0,0.0,0.0,2788642.0
428,answered,2.0,1.0,1.0,0.0,2788659.0
429,answered,2.0,1.0,0.0,0.0,2788582.0
430,answered,2.0,1.0,0.0,0.0,2796002.0
431,answered,2.0,1.0,0.0,0.0,2788676.0
432,answered,2.0,1.0,0.0,0.0,2788589.0
433,answered,2.0,1.0,0.0,0.0,2788646.0
434,answered,2.0,1.0,0.0,0.0,2788611.0
435,answered,2.0,1.0,0.0,0.0,2788690.0
436,answered,2.0,1.0,1.0,0.0,2788600.0
437,answered,2.0,1.0,0.0,0.0,2788650.0
438,answered,2.0,1.0,0.0,0.0,2788588.0
439,answered,2.0,1.0,0.0,0.0,2788685.0
440,answered,2.0,1.0,0.0,0.0,2788687.0
441,answered,2.0,1.0,0.0,0.0,2788673.0
442,answered,2.0,1.0,1.0,0.0,2796569.0
443,answered,2.0,1.0,0.0,0.0,2788653.0
444,answered,2.0,1.0,0.0,0.0,2788644.0
445,answered,2.0,1.0,0.0,0.0,2796594.0
446,answered,2.0,1.0,0.0,0.0,2788680.0
447,answered,2.0,1.0,0.0,0.0,2788625.0
448,answered,2.0,1.0,0.0,0.0,2796621.0
449,answered,2.0,1.0,0.0,0.0,2788657.0
450,answered,2.0,1.0,1.0,0.0,2788588.0
451,answered,2.0,1.0,1.0,0.0,2796504.0
452,answered,2.0,1.0,1.0,0.0,2788617.0
453,answered,2.0,1.0,0.0,0.0,2788609.0
454,answered,2.0,1.0,1.0,0.0,2796594.0
455,answered,2.0,1.0,0.0,0.0,2788612.0
456,answered,2.0,1.0,0.0,0.0,2796547.0
457,answered,2.0,1.0,1.0,0.0,2796621.0
458,answered,2.0,1.0,0.0,0.0,2796548.0
459,answered,2.0,1.0,0.0,0.0,2796007.0
460,answered,2.0,1.0,0.0,0.0,2788696.0
461,answered,2.0,1.0,0.0,0.0,2788622.0
462,answered,2.0,1.0,0.0,0.0,2788617.0
463,answered,2.0,1.0,0.0,0.0,2788635.0
464,answered,2.0,1.0,1.0,0.0,2796558.0
465,answered,2.0,1.0,1.0,0.0,2788634.0
466,answered,2.0,1.0,1.0,0.0,2788635.0
467,answered,2.0,1.0,1.0,0.0,2796012.0
468,answered,2.0,1.0,1.0,0.0,2788676.0
469,answered,2.0,1.0,0.0,0.0,2788606.0
470,answered,2.0,1.0,1.0,0.0,2788678.0
471,answered,2.0,1.0,1.0,0.0,2796022.0
472,answered,2.0,1.0,0.0,0.0,2788592.0
473,answered,2.0,1.0,0.0,0.0,2788655.0
474,answered,2.0,1.0,0.0,0.0,2788645.0
475,answered,2.0,1.0,0.0,0.0,2788667.0
476,answered,2.0,1.0,0.0,0.0,2788669.0
477,answered,2.0,1.0,1.0,0.0,2796610.0
478,answered,2.0,1.0,1.0,0.0,2796647.0
479,answered,2.0,1.0,0.0,0.0,2788697.0
480,answered,2.0,1.0,1.0,0.0,2796013.0
481,answered,2.0,1.0,1.0,0.0,2796675.0
482,answered,2.0,1.0,1.0,0.0,2788636.0
483,answered,2.0,1.0,1.0,0.0,2788587.0
484,answered,2.0,1.0,1.0,0.0,2796512.0
485,answered,2.0,1.0,1.0,0.0,2796548.0
486,answered,2.0,1.0,1.0,0.0,2796537.0
487,answered,2.0,1.0,0.0,0.0,2788601.0
488,answered,2.0,1.0,0.0,0.0,2788692.0
489,answered,2.0,1.0,0.0,0.0,2788686.0
490,answered,2.0,1.0,0.0,0.0,2788610.0
491,answered,2.0,1.0,1.0,0.0,2796578.0
492,answered,2.0,1.0,0.0,0.0,2796556.0
493,answered,2.0,1.0,1.0,0.0,2796023.0
494,answered,2.0,1.0,0.0,0.0,2788674.0
495,answered,2.0,1.0,1.0,0.0,2796509.0
496,answered,2.0,1.0,0.0,0.0,2788682.0
497,answered,2.0,1.0,1.0,0.0,2788667.0
498,answered,2.0,1.0,1.0,0.0,2788683.0
499,answered,2.0,1.0,0.0,0.0,2788691.0
500,answered,2.0,1.0,0.0,0.0,2788698.0
501,answered,2.0,1.0,1.0,0.0,2796003.0
502,answered,2.0,1.0,0.0,0.0,2796635.0
503,answered,2.0,1.0,0.0,0.0,2788578.0
504,answered,2.0,1.0,0.0,0.0,2788590.0
505,answered,2.0,1.0,0.0,0.0,2796020.0
506,answered,2.0,1.0,0.0,0.0,2788600.0
507,answered,2.0,1.0,1.0,0.0,2796564.0
508,answered,2.0,1.0,1.0,0.0,2788655.0
509,answered,2.0,1.0,1.0,0.0,2788669.0
510,answered,2.0,1.0,0.0,0.0,2796652.0
511,answered,2.0,1.0,0.0,0.0,2788636.0
512,answered,2.0,1.0,0.0,0.0,2788662.0
513,answered,2.0,1.0,1.0,0.0,2796652.0
514,answered,2.0,1.0,0.0,0.0,2796571.0
515,answered,2.0,1.0,1.0,0.0,2788589.0
516,answered,2.0,1.0,1.0,0.0,2788578.0
517,answered,2.0,1.0,0.0,0.0,2788634.0
518,answered,2.0,1.0,1.0,0.0,2788693.0
519,answered,2.0,1.0,0.0,0.0,2788688.0
520,answered,2.0,1.0,1.0,0.0,2788697.0
521,answered,2.0,1.0,1.0,0.0,2788637.0
522,answered,2.0,1.0,1.0,0.0,2788668.0
523,answered,2.0,1.0,0.0,0.0,2796647.0
524,answered,2.0,1.0,0.0,0.0,2788658.0
525,answered,2.0,1.0,0.0,0.0,2788699.0
526,answered,2.0,1.0,0.0,0.0,2796574.0
527,answered,2.0,1.0,0.0,0.0,2796549.0
528,answered,2.0,1.0,0.0,0.0,2788647.0
529,answered,2.0,1.0,0.0,0.0,2788614.0
530,answered,2.0,1.0,1.0,0.0,2796515.0
531,answered,2.0,1.0,0.0,0.0,2788585.0
532,answered,2.0,1.0,0.0,0.0,2788661.0
533,answered,2.0,1.0,1.0,0.0,2788610.0
534,answered,2.0,1.0,1.0,0.0,2788689.0
535,answered,2.0,1.0,0.0,0.0,2796564.0
536,answered,2.0,1.0,0.0,0.0,2796515.0
537,answered,2.0,1.0,0.0,0.0,2796512.0
538,answered,2.0,1.0,0.0,0.0,2788684.0
539,answered,2.0,1.0,0.0,0.0,2788607.0
540,answered,2.0,1.0,0.0,0.0,2788641.0
541,answered,2.0,1.0,1.0,0.0,2796511.0
542,answered,2.0,1.0,1.0,0.0,2788644.0
543,answered,2.0,1.0,0.0,0.0,2788660.0
544,answered,2.0,1.0,0.0,0.0,2796624.0
545,answered,2.0,1.0,0.0,0.0,2796587.0
546,answered,2.0,1.0,1.0,0.0,2796587.0
547,answered,2.0,1.0,1.0,0.0,2796506.0
548,answered,2.0,1.0,1.0,0.0,2788613.0
549,answered,2.0,1.0,1.0,0.0,2788631.0
550,answered,2.0,1.0,1.0,0.0,2788629.0
551,answered,2.0,1.0,1.0,0.0,2796015.0
552,answered,2.0,1.0,1.0,0.0,2788695.0
553,answered,2.0,1.0,1.0,0.0,2788699.0
554,answered,2.0,1.0,0.0,0.0,2788608.0
555,answered,2.0,1.0,1.0,0.0,2796650.0
556,answered,2.0,1.0,0.0,0.0,2796689.0
557,answered,2.0,1.0,0.0,0.0,2788591.0
558,answered,2.0,1.0,0.0,0.0,2788656.0
559,answered,2.0,1.0,0.0,0.0,2788626.0
560,answered,2.0,1.0,0.0,0.0,2796613.0
561,answered,2.0,1.0,0.0,0.0,2788652.0
562,answered,2.0,1.0,0.0,0.0,2796005.0
563,answered,2.0,1.0,0.0,0.0,2788616.0
564,answered,2.0,1.0,0.0,0.0,2796650.0
565,answered,2.0,1.0,0.0,0.0,2796546.0
566,answered,2.0,1.0,0.0,0.0,2788683.0
567,answered,2.0,1.0,0.0,0.0,2788613.0
568,answered,2.0,1.0,0.0,0.0,2788630.0
569,answered,2.0,1.0,0.0,0.0,2796559.0
570,answered,2.0,1.0,0.0,0.0,2788649.0
571,answered,2.0,1.0,0.0,0.0,2796664.0
572,answered,2.0,1.0,1.0,0.0,2796684.0
573,answered,2.0,1.0,1.0,0.0,2796501.0
574,answered,2.0,1.0,1.0,0.0,2796001.0
575,answered,2.0,1.0,1.0,0.0,2796546.0
576,answered,2.0,1.0,1.0,0.0,2796547.0
577,answered,2.0,1.0,1.0,0.0,2788614.0
578,answered,2.0,1.0,1.0,0.0,2788657.0
579,answered,2.0,1.0,1.0,0.0,2796689.0
580,answered,2.0,1.0,1.0,0.0,2796604.0
581,answered,2.0,1.0,0.0,0.0,2796604.0
582,answered,2.0,1.0,0.0,0.0,2796684.0
583,answered,2.0,1.0,0.0,0.0,2788629.0
584,answered,2.0,1.0,0.0,0.0,2796501.0
585,answered,2.0,1.0,1.0,0.0,2788606.0
586,answered,2.0,1.0,1.0,0.0,2788592.0
587,answered,2.0,1.0,1.0,0.0,2796513.0
588,answered,2.0,1.0,1.0,0.0,2788626.0
589,answered,2.0,1.0,1.0,0.0,2788684.0
590,answered,2.0,1.0,1.0,0.0,2788572.0
591,answered,2.0,1.0,1.0,0.0,2788607.0
592,answered,2.0,1.0,1.0,0.0,2796004.0
593,answered,2.0,1.0,1.0,0.0,2788647.0
594,answered,2.0,1.0,1.0,0.0,2788650.0
595,answered,2.0,1.0,1.0,0.0,2788646.0
596,answered,2.0,1.0,1.0,0.0,2788612.0
597,answered,2.0,1.0,1.0,0.0,2788649.0
598,answered,2.0,1.0,1.0,0.0,2788609.0
599,answered,2.0,1.0,1.0,0.0,2788686.0
600,answered,2.0,1.0,1.0,0.0,2796534.0
601,answered,2.0,1.0,0.0,0.0,2796561.0
602,answered,2.0,1.0,1.0,0.0,2796005.0
603,answered,2.0,1.0,1.0,0.0,2788679.0
604,answered,2.0,1.0,1.0,0.0,2788662.0
605,answered,2.0,1.0,1.0,0.0,2788625.0
606,answered,2.0,1.0,0.0,0.0,2796537.0
607,answered,2.0,1.0,0.0,0.0,2796593.0
608,answered,2.0,1.0,1.0,0.0,2796545.0
609,answered,2.0,1.0,1.0,0.0,2788581.0
610,answered,2.0,1.0,1.0,0.0,2788687.0
611,answered,2.0,1.0,1.0,0.0,2796507.0
612,answered,2.0,1.0,1.0,0.0,2796539.0
613,answered,2.0,1.0,1.0,0.0,2796526.0
614,answered,2.0,1.0,0.0,0.0,2788575.0
615,answered,2.0,1.0,0.0,0.0,2796688.0
616,answered,2.0,1.0,0.0,0.0,2788628.0
617,answered,2.0,1.0,0.0,0.0,2788581.0
618,answered,2.0,1.0,1.0,0.0,2788577.0
619,answered,2.0,1.0,1.0,0.0,2796002.0
620,answered,2.0,1.0,1.0,0.0,2796007.0
621,answered,2.0,1.0,1.0,0.0,2796718.0
622,answered,2.0,1.0,0.0,0.0,2796605.0
623,answered,2.0,1.0,0.0,0.0,2796716.0
624,answered,2.0,1.0,0.0,0.0,2796712.0
625,answered,2.0,1.0,0.0,0.0,2796562.0
626,answered,2.0,1.0,0.0,0.0,2788633.0
627,answered,2.0,1.0,0.0,0.0,2788577.0
628,answered,2.0,1.0,0.0,0.0,2788618.0
629,answered,2.0,1.0,0.0,0.0,2796588.0
630,answered,2.0,1.0,0.0,0.0,2796658.0
631,answered,2.0,1.0,0.0,0.0,2796589.0
632,answered,2.0,1.0,0.0,0.0,2796698.0
633,answered,2.0,1.0,0.0,0.0,2788631.0
634,answered,2.0,1.0,0.0,0.0,2796554.0
635,answered,2.0,1.0,0.0,0.0,2796709.0
636,answered,2.0,1.0,1.0,0.0,2788680.0
637,answered,2.0,1.0,1.0,0.0,2788584.0
638,answered,2.0,1.0,1.0,0.0,2796589.0
639,answered,2.0,1.0,1.0,0.0,2788611.0
640,answered,2.0,1.0,1.0,0.0,2788633.0
641,answered,2.0,1.0,1.0,0.0,2796635.0
642,answered,2.0,1.0,1.0,0.0,2796561.0
643,answered,2.0,1.0,1.0,0.0,2788682.0
644,answered,2.0,1.0,1.0,0.0,2796554.0
645,answered,2.0,1.0,0.0,0.0,2788572.0
646,answered,2.0,1.0,1.0,0.0,2796588.0
647,answered,2.0,1.0,1.0,0.0,2788652.0
648,answered,2.0,1.0,0.0,0.0,2796651.0
649,answered,2.0,1.0,0.0,0.0,2796557.0
650,answered,2.0,1.0,1.0,0.0,2796535.0
651,answered,2.0,1.0,0.0,0.0,2796575.0
652,answered,2.0,1.0,0.0,0.0,2796622.0
653,answered,2.0,1.0,1.0,0.0,2788664.0
654,answered,2.0,1.0,0.0,0.0,2796703.0
655,answered,2.0,1.0,0.0,0.0,2796704.0
656,answered,2.0,1.0,0.0,0.0,2796567.0
657,answered,2.0,1.0,0.0,0.0,2796682.0
658,answered,2.0,1.0,1.0,0.0,2788630.0
659,answered,2.0,1.0,0.0,0.0,2796023.0
660,answered,2.0,1.0,0.0,0.0,2796659.0
661,answered,2.0,1.0,1.0,0.0,2796571.0
662,answered,2.0,1.0,1.0,0.0,2796018.0
663,answered,2.0,1.0,1.0,0.0,2796688.0
664,answered,2.0,1.0,1.0,0.0,2796666.0
665,answered,2.0,2.0,1.0,0.0,2788671.0
666,answered,2.0,2.0,1.0,0.0,2788678.0
667,answered,2.0,2.0,1.0,0.0,2788669.0
668,answered,2.0,2.0,1.0,0.0,2788667.0
669,answered,2.0,2.0,0.0,0.0,2796584.0
670,answered,2.0,2.0,0.0,0.0,2788673.0
671,answered,2.0,2.0,0.0,0.0,2788695.0
672,answered,2.0,2.0,0.0,0.0,2796551.0
673,answered,2.0,2.0,0.0,0.0,2788664.0
674,answered,2.0,2.0,0.0,0.0,2796015.0
675,answered,2.0,2.0,0.0,0.0,2796510.0
676,answered,2.0,2.0,0.0,0.0,2796571.0
677,answered,2.0,2.0,1.0,0.0,2796594.0
678,answered,2.0,2.0,1.0,0.0,2796610.0
679,answered,2.0,2.0,0.0,0.0,2796546.0
680,answered,2.0,2.0,0.0,0.0,2788661.0
681,answered,2.0,2.0,0.0,0.0,2796016.0
682,answered,2.0,2.0,1.0,0.0,2796024.0
683,answered,2.0,2.0,1.0,0.0,2788629.0
684,answered,2.0,2.0,0.0,0.0,2796009.0
685,answered,2.0,2.0,1.0,0.0,2788688.0
686,answered,2.0,2.0,1.0,0.0,2796711.0
687,answered,2.0,2.0,0.0,0.0,2788588.0
688,answered,2.0,2.0,0.0,0.0,2788610.0
689,answered,2.0,5.0,0.0,0.0,2796003.0
690,answered,2.0,3.0,0.0,0.0,2796007.0
691,answered,2.0,3.0,0.0,0.0,2788670.0
692,answered,2.0,4.0,0.0,0.0,2796586.0
693,answered,2.0,3.0,0.0,0.0,2788610.0
694,answered,2.0,3.0,1.0,0.0,2796547.0
695,answered,2.0,11.0,0.0,0.0,2796537.0
696,answered,2.0,3.0,0.0,0.0,2796004.0
697,answered,2.0,3.0,0.0,0.0,2788699.0
698,answered,2.0,3.0,1.0,0.0,2788631.0
699,answered,2.0,3.0,0.0,0.0,2796509.0
700,answered,2.0,4.0,0.0,0.0,2788689.0
701,answered,2.0,8.0,1.0,0.0,2796569.0
702,answered,2.0,4.0,0.0,0.0,2796600.0
703,answered,2.0,0.0,0.0,0.0,2796506.0
704,answered,2.0,0.0,0.0,0.0,2796504.0
705,answered,2.0,0.0,1.0,0.0,2796008.0
706,answered,2.0,0.0,0.0,0.0,2796600.0
707,answered,2.0,0.0,1.0,0.0,2796012.0
708,answered,2.0,0.0,0.0,0.0,2796586.0
709,abandoned,3.0,0.0,0.0,0.0,2796586.0
710,abandoned,3.0,0.0,0.0,0.0,2788691.0
711,abandoned,3.0,0.0,0.0,0.0,2788590.0
712,abandoned,3.0,0.0,0.0,0.0,2796514.0
713,abandoned,3.0,0.0,0.0,0.0,2796591.0
714,abandoned,3.0,0.0,0.0,0.0,2796549.0
715,abandoned,3.0,0.0,0.0,0.0,2788675.0
716,abandoned,3.0,0.0,0.0,0.0,2788688.0
717,abandoned,3.0,0.0,0.0,0.0,2788589.0
718,abandoned,3.0,0.0,0.0,0.0,2796010.0
719,abandoned,3.0,0.0,0.0,0.0,2796503.0
720,abandoned,3.0,0.0,0.0,0.0,2788576.0
721,abandoned,3.0,0.0,0.0,0.0,2796017.0
722,abandoned,3.0,0.0,0.0,0.0,2796671.0
723,abandoned,3.0,0.0,0.0,0.0,2796001.0
724,abandoned,3.0,0.0,0.0,0.0,2788606.0
725,abandoned,3.0,0.0,0.0,0.0,2796506.0
726,abandoned,3.0,0.0,0.0,0.0,2796593.0
727,abandoned,3.0,0.0,0.0,0.0,2788608.0
728,abandoned,3.0,0.0,0.0,0.0,2788582.0
729,abandoned,3.0,0.0,0.0,0.0,2788574.0
730,abandoned,3.0,0.0,0.0,0.0,2796560.0
731,abandoned,3.0,0.0,0.0,0.0,2796689.0
732,abandoned,3.0,0.0,0.0,0.0,2788578.0
733,abandoned,3.0,0.0,0.0,0.0,2796569.0
734,abandoned,3.0,0.0,0.0,0.0,2796610.0
735,abandoned,3.0,0.0,0.0,0.0,2788643.0
736,abandoned,3.0,0.0,0.0,0.0,2788661.0
737,abandoned,3.0,0.0,0.0,0.0,2788577.0
738,abandoned,3.0,0.0,0.0,0.0,2788667.0
739,abandoned,3.0,0.0,0.0,0.0,2796024.0
740,abandoned,3.0,0.0,0.0,0.0,2796701.0
741,abandoned,3.0,0.0,0.0,0.0,2796013.0
742,abandoned,3.0,0.0,0.0,0.0,2788617.0
743,abandoned,3.0,0.0,0.0,0.0,2788677.0
744,abandoned,3.0,0.0,0.0,0.0,2796670.0
745,abandoned,3.0,0.0,0.0,0.0,2788638.0
746,abandoned,3.0,0.0,0.0,0.0,2788654.0
747,abandoned,3.0,0.0,0.0,0.0,2796004.0
748,abandoned,3.0,0.0,0.0,0.0,2796587.0
749,abandoned,3.0,0.0,0.0,0.0,2796543.0
750,abandoned,3.0,0.0,0.0,0.0,2788679.0
751,abandoned,3.0,0.0,0.0,0.0,2788686.0
752,abandoned,3.0,0.0,0.0,0.0,2796504.0
753,abandoned,3.0,0.0,0.0,0.0,2788683.0
754,abandoned,3.0,0.0,0.0,0.0,2796008.0
755,abandoned,3.0,0.0,0.0,0.0,2796000.0
756,abandoned,3.0,0.0,0.0,0.0,2796501.0
757,abandoned,3.0,0.0,0.0,0.0,2788689.0
758,abandoned,3.0,0.0,0.0,0.0,2796550.0
759,abandoned,3.0,0.0,0.0,0.0,2796618.0
760,abandoned,3.0,0.0,0.0,0.0,2796681.0
761,abandoned,3.0,0.0,0.0,0.0,2796584.0
762,abandoned,3.0,0.0,0.0,0.0,2796509.0
763,abandoned,3.0,0.0,0.0,0.0,2788623.0
764,abandoned,3.0,0.0,0.0,0.0,2788615.0
765,abandoned,3.0,0.0,0.0,0.0,2788659.0
766,abandoned,3.0,0.0,0.0,0.0,2788693.0
767,abandoned,3.0,0.0,0.0,0.0,2796633.0
768,abandoned,3.0,0.0,0.0,0.0,2796621.0
769,abandoned,3.0,0.0,0.0,0.0,2796624.0
770,abandoned,3.0,0.0,0.0,0.0,2796619.0
771,abandoned,3.0,0.0,0.0,0.0,2788607.0
772,abandoned,3.0,0.0,0.0,0.0,2788666.0
773,abandoned,3.0,0.0,0.0,0.0,2788656.0
774,abandoned,3.0,0.0,0.0,0.0,2796652.0
775,abandoned,3.0,0.0,0.0,0.0,2788620.0
776,abandoned,3.0,0.0,0.0,0.0,2788641.0
777,abandoned,3.0,0.0,0.0,0.0,2788696.0
778,abandoned,3.0,0.0,0.0,0.0,2788618.0
779,abandoned,3.0,0.0,0.0,0.0,2796012.0
780,abandoned,3.0,0.0,0.0,0.0,2788616.0
781,abandoned,3.0,0.0,0.0,0.0,2788668.0
782,abandoned,3.0,0.0,0.0,0.0,2788671.0
783,abandoned,3.0,0.0,0.0,0.0,2796526.0
784,abandoned,3.0,0.0,0.0,0.0,2796615.0
785,abandoned,3.0,0.0,0.0,0.0,2796574.0
786,abandoned,3.0,0.0,0.0,0.0,2796022.0
787,abandoned,3.0,0.0,0.0,0.0,2788680.0
788,abandoned,3.0,0.0,0.0,0.0,2788635.0
789,abandoned,3.0,0.0,0.0,0.0,2796009.0
790,abandoned,3.0,0.0,0.0,0.0,2788670.0
791,abandoned,3.0,0.0,0.0,0.0,2796515.0
792,abandoned,3.0,0.0,0.0,0.0,2788646.0
793,abandoned,3.0,0.0,0.0,0.0,2788588.0
794,abandoned,3.0,0.0,0.0,0.0,2788648.0
795,abandoned,3.0,0.0,0.0,0.0,2788698.0
796,abandoned,3.0,0.0,0.0,0.0,2796513.0
797,abandoned,3.0,0.0,0.0,0.0,2788655.0
798,abandoned,3.0,0.0,0.0,0.0,2796005.0
799,abandoned,3.0,0.0,0.0,0.0,2796003.0
800,abandoned,3.0,0.0,0.0,0.0,2788669.0
801,abandoned,3.0,0.0,0.0,0.0,2796547.0
802,abandoned,3.0,0.0,0.0,0.0,2796537.0
803,abandoned,3.0,0.0,0.0,0.0,2788685.0
804,abandoned,3.0,0.0,0.0,0.0,2788603.0
805,abandoned,3.0,0.0,0.0,0.0,2788644.0
806,abandoned,3.0,0.0,0.0,0.0,2796675.0
807,abandoned,3.0,0.0,0.0,0.0,2796006.0
808,abandoned,3.0,0.0,0.0,0.0,2796604.0
809,abandoned,3.0,0.0,0.0,0.0,2796601.0
810,abandoned,3.0,0.0,0.0,0.0,2796598.0
811,abandoned,3.0,0.0,0.0,0.0,2796606.0
812,abandoned,3.0,0.0,0.0,0.0,2796711.0
813,abandoned,3.0,0.0,0.0,0.0,2796596.0
814,abandoned,3.0,0.0,0.0,0.0,2796713.0
815,abandoned,3.0,0.0,0.0,0.0,2796600.0
816,forced_disconnect,6.0,0.0,0.0,0.0,2796606.0
817,forced_disconnect,6.0,0.0,0.0,0.0,2796024.0
818,forced_disconnect,6.0,0.0,0.0,0.0,2796010.0
819,forced_disconnect,6.0,0.0,0.0,0.0,2788616.0
820,forced_disconnect,6.0,0.0,0.0,0.0,2796504.0
821,forced_disconnect,6.0,0.0,0.0,0.0,2796600.0
822,abandoned,3.0,0.0,0.0,0.0,2796719.0
823,abandoned,3.0,0.0,0.0,0.0,2796715.0
824,abandoned,3.0,0.0,0.0,0.0,2796716.0
825,abandoned,3.0,0.0,0.0,0.0,2796605.0
826,abandoned,3.0,0.0,0.0,0.0,2796705.0
827,abandoned,3.0,0.0,0.0,0.0,2796597.0
828,abandoned,3.0,0.0,0.0,0.0,2796707.0
829,abandoned,3.0,0.0,0.0,0.0,2796708.0
830,abandoned,3.0,0.0,0.0,0.0,2788642.0
831,abandoned,3.0,0.0,0.0,0.0,2788647.0
832,abandoned,3.0,0.0,0.0,0.0,2788652.0
833,abandoned,3.0,0.0,0.0,0.0,2788673.0
834,abandoned,3.0,0.0,0.0,0.0,2788678.0
835,abandoned,3.0,0.0,0.0,0.0,2788631.0
836,abandoned,3.0,0.0,0.0,0.0,2788645.0
837,abandoned,3.0,0.0,0.0,0.0,2788622.0
838,abandoned,3.0,0.0,0.0,0.0,2788649.0
839,abandoned,3.0,0.0,0.0,0.0,2788613.0
840,abandoned,3.0,0.0,0.0,0.0,2788690.0
841,abandoned,3.0,0.0,0.0,0.0,2788681.0
842,abandoned,3.0,0.0,0.0,0.0,2788658.0
843,abandoned,3.0,0.0,0.0,0.0,2788584.0
844,abandoned,3.0,0.0,0.0,0.0,2796613.0
845,abandoned,3.0,0.0,0.0,0.0,2788619.0
846,abandoned,3.0,0.0,0.0,0.0,2788610.0
847,abandoned,3.0,0.0,0.0,0.0,2788600.0
848,abandoned,3.0,0.0,0.0,0.0,2788621.0
849,abandoned,3.0,0.0,0.0,0.0,2788624.0
850,abandoned,3.0,0.0,0.0,0.0,2788629.0
851,abandoned,3.0,0.0,0.0,0.0,2796019.0
852,abandoned,3.0,0.0,0.0,0.0,2796014.0
853,abandoned,3.0,0.0,0.0,0.0,2788695.0
854,abandoned,3.0,0.0,0.0,0.0,2788692.0
855,abandoned,3.0,0.0,0.0,0.0,2796676.0
856,abandoned,3.0,0.0,0.0,0.0,2796020.0
857,abandoned,3.0,0.0,0.0,0.0,2788609.0
858,abandoned,3.0,0.0,0.0,0.0,2788653.0
859,abandoned,3.0,0.0,0.0,0.0,2788674.0
860,abandoned,3.0,0.0,0.0,0.0,2788630.0
861,abandoned,3.0,0.0,0.0,0.0,2788637.0
862,abandoned,3.0,0.0,0.0,0.0,2788611.0
863,abandoned,3.0,0.0,0.0,0.0,2788657.0
864,abandoned,3.0,0.0,0.0,0.0,2788601.0
865,abandoned,3.0,0.0,0.0,0.0,2796546.0
866,abandoned,3.0,0.0,0.0,0.0,2796002.0
867,abandoned,3.0,0.0,0.0,0.0,2796011.0
868,abandoned,3.0,0.0,0.0,0.0,2796556.0
869,abandoned,3.0,0.0,0.0,0.0,2788664.0
870,abandoned,3.0,0.0,0.0,0.0,2788612.0
871,abandoned,3.0,0.0,0.0,0.0,2796559.0
872,abandoned,3.0,0.0,0.0,0.0,2796698.0
873,abandoned,3.0,0.0,0.0,0.0,2796558.0
874,abandoned,3.0,0.0,0.0,0.0,2788628.0
875,abandoned,3.0,0.0,0.0,0.0,2788581.0
876,abandoned,3.0,0.0,0.0,0.0,2788660.0
877,abandoned,3.0,0.0,0.0,0.0,2796686.0
878,abandoned,3.0,0.0,0.0,0.0,2796007.0
879,abandoned,3.0,0.0,0.0,0.0,2788650.0
880,abandoned,3.0,0.0,0.0,0.0,2788676.0
881,abandoned,3.0,0.0,0.0,0.0,2788592.0
882,abandoned,3.0,0.0,0.0,0.0,2788687.0
883,abandoned,3.0,0.0,0.0,0.0,2788614.0
884,abandoned,3.0,0.0,0.0,0.0,2788699.0
885,abandoned,3.0,0.0,0.0,0.0,2788572.0
886,abandoned,3.0,0.0,0.0,0.0,2788587.0
887,abandoned,3.0,0.0,0.0,0.0,2796622.0
888,abandoned,3.0,0.0,0.0,0.0,2796650.0
889,abandoned,3.0,0.0,0.0,0.0,2796594.0
890,abandoned,3.0,0.0,0.0,0.0,2788634.0
891,abandoned,3.0,0.0,0.0,0.0,2796684.0
892,abandoned,3.0,0.0,0.0,0.0,2796647.0
893,abandoned,3.0,0.0,0.0,0.0,2796507.0
894,abandoned,3.0,0.0,0.0,0.0,2788636.0
895,abandoned,3.0,0.0,0.0,0.0,2788684.0
896,abandoned,3.0,0.0,0.0,0.0,2796534.0
897,abandoned,3.0,0.0,0.0,0.0,2796548.0
898,abandoned,3.0,0.0,0.0,0.0,2788585.0
899,abandoned,3.0,0.0,0.0,0.0,2796512.0
900,abandoned,3.0,0.0,0.0,0.0,2796635.0
901,abandoned,3.0,0.0,0.0,0.0,2796644.0
902,abandoned,3.0,0.0,0.0,0.0,2796554.0
903,abandoned,3.0,0.0,0.0,0.0,2796502.0
904,abandoned,3.0,0.0,0.0,0.0,2796625.0
905,abandoned,3.0,0.0,0.0,0.0,2796579.0
906,abandoned,3.0,0.0,0.0,0.0,2796545.0
907,abandoned,3.0,0.0,0.0,0.0,2796665.0
908,abandoned,3.0,0.0,0.0,0.0,2796589.0
909,abandoned,3.0,0.0,0.0,0.0,2788697.0
910,abandoned,3.0,0.0,0.0,0.0,2796561.0
911,abandoned,3.0,0.0,0.0,0.0,2796015.0
912,abandoned,3.0,0.0,0.0,0.0,2788633.0
913,abandoned,3.0,0.0,0.0,0.0,2796539.0
914,abandoned,3.0,0.0,0.0,0.0,2796588.0
915,abandoned,3.0,0.0,0.0,0.0,2788573.0
916,abandoned,3.0,0.0,0.0,0.0,2796657.0
917,abandoned,3.0,0.0,0.0,0.0,2796582.0
918,abandoned,3.0,0.0,0.0,0.0,2796682.0
919,abandoned,3.0,0.0,0.0,0.0,2796023.0
920,abandoned,3.0,0.0,0.0,0.0,2796571.0
921,abandoned,3.0,0.0,0.0,0.0,2796551.0
922,abandoned,3.0,0.0,0.0,0.0,2796592.0
923,answered,2.0,0.0,0.0,0.0,2796615.0
924,answered,2.0,0.0,0.0,0.0,2796501.0
925,answered,2.0,0.0,0.0,0.0,2788653.0
926,answered,2.0,0.0,0.0,0.0,2788628.0
927,answered,2.0,0.0,0.0,0.0,2796671.0
928,answered,2.0,0.0,0.0,0.0,2796593.0
929,answered,2.0,0.0,0.0,0.0,2796548.0
930,answered,2.0,0.0,0.0,0.0,2796503.0
931,answered,2.0,0.0,0.0,0.0,2788623.0
932,answered,2.0,0.0,0.0,0.0,2796514.0
933,answered,2.0,0.0,0.0,0.0,2788688.0
934,answered,2.0,0.0,0.0,0.0,2796515.0
935,answered,2.0,0.0,0.0,0.0,2796584.0
936,answered,2.0,0.0,0.0,0.0,2796556.0
937,answered,2.0,0.0,0.0,0.0,2796650.0
938,answered,2.0,0.0,0.0,0.0,2796549.0
939,answered,2.0,0.0,0.0,0.0,2796591.0
940,answered,2.0,0.0,0.0,0.0,2796681.0
941,answered,2.0,0.0,0.0,0.0,2796010.0
942,answered,2.0,0.0,0.0,0.0,2796000.0
943,answered,2.0,0.0,0.0,0.0,2796001.0
944,answered,2.0,0.0,0.0,0.0,2788650.0
945,answered,2.0,0.0,0.0,0.0,2796560.0
946,answered,2.0,0.0,0.0,0.0,2796689.0
947,answered,2.0,0.0,0.0,0.0,2796009.0
948,answered,2.0,0.0,0.0,0.0,2796670.0
949,answered,2.0,0.0,0.0,0.0,2796502.0
950,answered,2.0,0.0,0.0,0.0,2796550.0
951,answered,2.0,0.0,0.0,0.0,2788677.0
952,answered,2.0,0.0,0.0,0.0,2788592.0
953,answered,2.0,0.0,0.0,0.0,2796012.0
954,answered,2.0,0.0,0.0,0.0,2788615.0
955,answered,2.0,0.0,0.0,0.0,2796675.0
956,answered,2.0,0.0,0.0,0.0,2788648.0
957,answered,2.0,0.0,0.0,0.0,2796621.0
958,answered,2.0,0.0,0.0,0.0,2796008.0
959,answered,2.0,0.0,0.0,0.0,2796633.0
960,answered,2.0,0.0,0.0,0.0,2788691.0
961,answered,2.0,0.0,0.0,0.0,2796551.0
962,answered,2.0,0.0,0.0,0.0,2788678.0
963,answered,2.0,0.0,0.0,0.0,2796003.0
964,answered,2.0,0.0,0.0,0.0,2788661.0
965,answered,2.0,0.0,0.0,0.0,2788655.0
966,answered,2.0,0.0,0.0,0.0,2788695.0
967,answered,2.0,0.0,0.0,0.0,2788674.0
968,answered,2.0,0.0,0.0,0.0,2788574.0
969,answered,2.0,0.0,0.0,0.0,2796509.0
970,answered,2.0,0.0,0.0,0.0,2788690.0
971,answered,2.0,0.0,0.0,0.0,2796574.0
972,answered,2.0,0.0,0.0,0.0,2788618.0
973,answered,2.0,0.0,0.0,0.0,2796701.0
974,answered,2.0,0.0,0.0,0.0,2796618.0
975,answered,2.0,0.0,1.0,0.0,2796503.0
976,answered,2.0,0.0,1.0,0.0,2796010.0
977,answered,2.0,0.0,1.0,0.0,2796024.0
978,answered,2.0,0.0,1.0,0.0,2796681.0
979,answered,2.0,0.0,1.0,0.0,2796584.0
980,answered,2.0,0.0,1.0,0.0,2796000.0
981,answered,2.0,0.0,1.0,0.0,2796549.0
982,answered,2.0,0.0,1.0,0.0,2788623.0
983,answered,2.0,0.0,1.0,0.0,2788674.0
984,answered,2.0,0.0,1.0,0.0,2788576.0
985,answered,2.0,0.0,1.0,0.0,2788675.0
986,answered,2.0,0.0,1.0,0.0,2796618.0
987,answered,2.0,0.0,1.0,0.0,2796650.0
988,answered,2.0,0.0,1.0,0.0,2796515.0
989,answered,2.0,0.0,1.0,0.0,2796671.0
990,answered,2.0,0.0,1.0,0.0,2796670.0
991,answered,2.0,0.0,1.0,0.0,2796621.0
992,answered,2.0,0.0,1.0,0.0,2796009.0
993,answered,2.0,0.0,1.0,0.0,2796004.0
994,answered,2.0,0.0,1.0,0.0,2788592.0
995,answered,2.0,0.0,1.0,0.0,2796591.0
996,answered,2.0,0.0,1.0,0.0,2788574.0
997,answered,2.0,0.0,1.0,0.0,2788661.0
998,answered,2.0,0.0,1.0,0.0,2796017.0
999,answered,2.0,0.0,0.0,0.0,2796587.0
1000,answered,2.0,0.0,1.0,0.0,2796587.0
1001,answered,2.0,0.0,0.0,0.0,2788588.0
1002,answered,2.0,0.0,0.0,0.0,2796569.0
1003,answered,2.0,0.0,0.0,0.0,2788642.0
1004,answered,2.0,0.0,0.0,0.0,2788696.0
1005,answered,2.0,0.0,1.0,0.0,2796554.0
1006,answered,2.0,0.0,1.0,0.0,2788648.0
1007,answered,2.0,0.0,0.0,0.0,2796594.0
1008,answered,2.0,0.0,0.0,0.0,2796017.0
1009,answered,2.0,0.0,0.0,0.0,2788643.0
1010,answered,2.0,0.0,0.0,0.0,2788607.0
1011,answered,2.0,0.0,0.0,0.0,2796024.0
1012,answered,2.0,0.0,0.0,0.0,2796571.0
1013,answered,2.0,0.0,0.0,0.0,2796513.0
1014,answered,2.0,0.0,0.0,0.0,2788698.0
1015,answered,2.0,0.0,1.0,0.0,2788687.0
1016,answered,2.0,0.0,1.0,0.0,2796548.0
1017,answered,2.0,0.0,1.0,0.0,2796506.0
1018,answered,2.0,0.0,0.0,0.0,2796004.0
1019,answered,2.0,0.0,0.0,0.0,2788689.0
1020,answered,2.0,0.0,0.0,0.0,2788646.0
1021,answered,2.0,0.0,0.0,0.0,2788631.0
1022,answered,2.0,0.0,0.0,0.0,2788644.0
1023,answered,2.0,0.0,0.0,0.0,2796011.0
1024,answered,2.0,0.0,0.0,0.0,2796667.0
1025,answered,2.0,0.0,0.0,0.0,2788616.0
1026,answered,2.0,0.0,1.0,0.0,2796011.0
1027,answered,2.0,0.0,1.0,0.0,2796003.0
1028,answered,2.0,0.0,1.0,0.0,2796689.0
1029,answered,2.0,0.0,1.0,0.0,2796647.0
1030,answered,2.0,0.0,0.0,0.0,2788676.0
1031,answered,2.0,0.0,0.0,0.0,2788658.0
1032,answered,2.0,0.0,0.0,0.0,2796613.0
1033,answered,2.0,0.0,0.0,0.0,2788576.0
1034,answered,2.0,0.0,0.0,0.0,2788649.0
1035,answered,2.0,0.0,0.0,0.0,2788657.0
1036,answered,2.0,0.0,0.0,0.0,2796559.0
1037,answered,2.0,0.0,1.0,0.0,2788628.0
1038,answered,2.0,0.0,1.0,0.0,2796022.0
1039,answered,2.0,0.0,1.0,0.0,2796610.0
1040,answered,2.0,0.0,0.0,0.0,2796554.0
1041,answered,2.0,0.0,0.0,0.0,2788612.0
1042,answered,2.0,0.0,0.0,0.0,2788589.0
1043,answered,2.0,0.0,0.0,0.0,2788687.0
1044,answered,2.0,0.0,0.0,0.0,2788584.0
1045,answered,2.0,0.0,0.0,0.0,2796666.0
1046,answered,2.0,0.0,0.0,0.0,2796657.0
1047,answered,2.0,0.0,0.0,0.0,2788681.0
1048,answered,2.0,0.0,0.0,0.0,2788578.0
1049,answered,2.0,0.0,0.0,0.0,2788629.0
1050,answered,2.0,0.0,0.0,0.0,2788625.0
1051,answered,2.0,0.0,0.0,0.0,2788693.0
1052,answered,2.0,0.0,1.0,0.0,2796015.0
1053,answered,2.0,0.0,1.0,0.0,2796514.0
1054,answered,2.0,0.0,1.0,0.0,2796526.0
1055,answered,2.0,0.0,1.0,0.0,2796509.0
1056,answered,2.0,0.0,0.0,0.0,2796013.0
1057,answered,2.0,0.0,0.0,0.0,2788600.0
1058,answered,2.0,0.0,0.0,0.0,2796624.0
1059,answered,2.0,0.0,0.0,0.0,2788686.0
1060,answered,2.0,0.0,1.0,0.0,2788642.0
1061,answered,2.0,0.0,1.0,0.0,2796569.0
1062,answered,2.0,0.0,0.0,0.0,2796543.0
1063,answered,2.0,0.0,0.0,0.0,2788624.0
1064,answered,2.0,0.0,0.0,0.0,2788692.0
1065,answered,2.0,0.0,0.0,0.0,2796610.0
1066,answered,2.0,0.0,0.0,0.0,2796561.0
1067,answered,2.0,0.0,1.0,0.0,2796688.0
1068,answered,2.0,0.0,0.0,0.0,2796619.0
1069,answered,2.0,0.0,0.0,0.0,2788590.0
1070,answered,2.0,0.0,0.0,0.0,2788608.0
1071,answered,2.0,0.0,0.0,0.0,2796020.0
1072,answered,2.0,0.0,0.0,0.0,2788668.0
1073,answered,2.0,0.0,0.0,0.0,2788603.0
1074,answered,2.0,0.0,1.0,0.0,2788618.0
1075,answered,2.0,0.0,1.0,0.0,2796560.0
1076,answered,2.0,0.0,0.0,0.0,2788635.0
1077,answered,2.0,0.0,0.0,0.0,2796006.0
1078,answered,2.0,0.0,0.0,0.0,2788654.0
1079,answered,2.0,0.0,0.0,0.0,2788685.0
1080,answered,2.0,0.0,0.0,0.0,2788699.0
1081,answered,2.0,0.0,0.0,0.0,2796547.0
1082,answered,2.0,0.0,0.0,0.0,2788679.0
1083,answered,2.0,0.0,1.0,0.0,2788590.0
1084,answered,2.0,0.0,1.0,0.0,2796589.0
1085,answered,2.0,0.0,0.0,0.0,2788636.0
1086,answered,2.0,0.0,0.0,0.0,2796022.0
1087,answered,2.0,0.0,0.0,0.0,2788620.0
1088,answered,2.0,0.0,0.0,0.0,2796647.0
1089,answered,2.0,0.0,1.0,0.0,2796005.0
1090,answered,2.0,0.0,1.0,0.0,2788646.0
1091,answered,2.0,0.0,1.0,0.0,2788667.0
1092,answered,2.0,0.0,0.0,0.0,2788666.0
1093,answered,2.0,0.0,0.0,0.0,2788673.0
1094,answered,2.0,0.0,0.0,0.0,2796564.0
1095,answered,2.0,0.0,0.0,0.0,2788652.0
1096,answered,2.0,0.0,1.0,0.0,2796512.0
1097,answered,2.0,0.0,1.0,0.0,2796504.0
1098,answered,2.0,0.0,1.0,0.0,2796633.0
1099,answered,2.0,0.0,0.0,0.0,2788637.0
1100,answered,2.0,0.0,1.0,0.0,2788653.0
1101,answered,2.0,0.0,0.0,0.0,2788622.0
1102,answered,2.0,0.0,1.0,0.0,2788610.0
1103,answered,2.0,0.0,1.0,0.0,2796682.0
1104,answered,2.0,0.0,1.0,0.0,2788690.0
1105,answered,2.0,0.0,0.0,0.0,2796651.0
1106,answered,2.0,0.0,0.0,0.0,2788582.0
1107,answered,2.0,0.0,0.0,0.0,2796005.0
1108,answered,2.0,0.0,0.0,0.0,2788675.0
1109,answered,2.0,0.0,1.0,0.0,2788603.0
1110,answered,2.0,0.0,1.0,0.0,2788693.0
1111,answered,2.0,0.0,1.0,0.0,2796020.0
1112,answered,2.0,0.0,0.0,0.0,2788671.0
1113,answered,2.0,0.0,0.0,0.0,2788647.0
1114,answered,2.0,0.0,0.0,0.0,2788667.0
1115,answered,2.0,0.0,1.0,0.0,2788617.0
1116,answered,2.0,0.0,0.0,0.0,2788669.0
1117,answered,2.0,0.0,0.0,0.0,2788617.0
1118,answered,2.0,0.0,1.0,0.0,2788629.0
1119,answered,2.0,0.0,1.0,0.0,2788695.0
1120,answered,2.0,0.0,0.0,0.0,2796512.0
1121,answered,2.0,0.0,1.0,0.0,2788657.0
1122,answered,2.0,0.0,1.0,0.0,2796594.0
1123,answered,2.0,0.0,0.0,0.0,2788680.0
1124,answered,2.0,0.0,0.0,0.0,2796546.0
1125,answered,2.0,0.0,0.0,0.0,2796015.0
1126,answered,2.0,0.0,0.0,0.0,2796652.0
1127,answered,2.0,0.0,0.0,0.0,2788585.0
1128,answered,2.0,0.0,1.0,0.0,2788656.0
1129,answered,2.0,0.0,1.0,0.0,2788668.0
1130,answered,2.0,0.0,1.0,0.0,2788613.0
1131,answered,2.0,0.0,1.0,0.0,2796501.0
1132,answered,2.0,0.0,1.0,0.0,2788611.0
1133,answered,2.0,0.0,0.0,0.0,2788610.0
1134,answered,2.0,0.0,1.0,0.0,2796543.0
1135,answered,2.0,0.0,1.0,0.0,2788699.0
1136,answered,2.0,0.0,1.0,0.0,2788635.0
1137,answered,2.0,0.0,1.0,0.0,2796001.0
1138,answered,2.0,0.0,1.0,0.0,2796624.0
1139,answered,2.0,0.0,1.0,0.0,2796615.0
1140,answered,2.0,0.0,1.0,0.0,2796546.0
1141,answered,2.0,0.0,1.0,0.0,2796556.0
1142,answered,2.0,0.0,1.0,0.0,2788624.0
1143,answered,2.0,0.0,1.0,0.0,2796561.0
1144,answered,2.0,0.0,1.0,0.0,2796652.0
1145,answered,2.0,0.0,1.0,0.0,2788578.0
1146,answered,2.0,0.0,1.0,0.0,2788691.0
1147,answered,2.0,0.0,1.0,0.0,2788686.0
1148,answered,2.0,0.0,1.0,0.0,2796551.0
1149,answered,2.0,0.0,0.0,0.0,2788660.0
1150,answered,2.0,0.0,0.0,0.0,2788577.0
1151,answered,2.0,0.0,1.0,0.0,2796013.0
1152,answered,2.0,0.0,1.0,0.0,2796635.0
1153,answered,2.0,0.0,0.0,0.0,2796545.0
1154,answered,2.0,0.0,0.0,0.0,2788634.0
1155,answered,2.0,0.0,1.0,0.0,2796006.0
1156,answered,2.0,0.0,1.0,0.0,2788589.0
1157,answered,2.0,0.0,1.0,0.0,2796502.0
1158,answered,2.0,0.0,0.0,0.0,2788587.0
1159,answered,2.0,0.0,0.0,0.0,2788638.0
1160,answered,2.0,0.0,1.0,0.0,2796574.0
1161,answered,2.0,0.0,0.0,0.0,2796567.0
1162,answered,2.0,0.0,1.0,0.0,2788685.0
1163,answered,2.0,0.0,1.0,0.0,2788670.0
1164,answered,2.0,0.0,1.0,0.0,2796513.0
1165,answered,2.0,0.0,1.0,0.0,2788682.0
1166,answered,2.0,0.0,1.0,0.0,2788654.0
1167,answered,2.0,0.0,0.0,0.0,2788656.0
1168,answered,2.0,0.0,0.0,0.0,2796557.0
1169,answered,2.0,0.0,0.0,0.0,2788621.0
1170,answered,2.0,0.0,1.0,0.0,2788641.0
1171,answered,2.0,0.0,1.0,0.0,2788680.0
1172,answered,2.0,0.0,1.0,0.0,2796002.0
1173,answered,2.0,0.0,1.0,0.0,2788664.0
1174,answered,2.0,0.0,1.0,0.0,2788666.0
1175,answered,2.0,0.0,1.0,0.0,2788696.0
1176,answered,2.0,0.0,0.0,0.0,2796676.0
1177,answered,2.0,0.0,0.0,0.0,2788697.0
1178,answered,2.0,0.0,1.0,0.0,2788655.0
1179,answered,2.0,0.0,1.0,0.0,2796550.0
1180,answered,2.0,0.0,1.0,0.0,2788616.0
1181,answered,2.0,0.0,1.0,0.0,2788645.0
1182,answered,2.0,0.0,0.0,0.0,2796002.0
1183,answered,2.0,0.0,1.0,0.0,2796701.0
1184,answered,2.0,0.0,1.0,0.0,2788658.0
1185,answered,2.0,0.0,1.0,0.0,2788652.0
1186,answered,2.0,0.0,0.0,0.0,2796023.0
1187,answered,2.0,0.0,0.0,0.0,2796622.0
1188,answered,2.0,0.0,0.0,0.0,2796507.0
1189,answered,2.0,0.0,0.0,0.0,2788670.0
1190,answered,2.0,0.0,0.0,0.0,2788664.0
1191,answered,2.0,0.0,0.0,0.0,2796016.0
1192,answered,2.0,0.0,0.0,0.0,2788630.0
1193,answered,2.0,0.0,0.0,0.0,2788606.0
1194,answered,2.0,0.0,1.0,0.0,2788678.0
1195,answered,2.0,0.0,1.0,0.0,2796675.0
1196,answered,2.0,0.0,1.0,0.0,2788637.0
1197,answered,2.0,0.0,1.0,0.0,2788600.0
1198,answered,2.0,0.0,1.0,0.0,2788621.0
1199,answered,2.0,0.0,1.0,0.0,2796571.0
1200,answered,2.0,0.0,0.0,0.0,2796588.0
1201,answered,2.0,0.0,1.0,0.0,2788688.0
1202,answered,2.0,0.0,0.0,0.0,2788613.0
1203,answered,2.0,0.0,1.0,0.0,2796537.0
1204,answered,2.0,0.0,1.0,0.0,2796545.0
1205,answered,2.0,0.0,1.0,0.0,2796558.0
1206,answered,2.0,0.0,1.0,0.0,2788677.0
1207,answered,2.0,0.0,1.0,0.0,2788615.0
1208,answered,2.0,0.0,1.0,0.0,2788689.0
1209,answered,2.0,0.0,1.0,0.0,2796667.0
1210,answered,2.0,0.0,1.0,0.0,2796613.0
1211,answered,2.0,0.0,0.0,0.0,2796698.0
1212,answered,2.0,0.0,1.0,0.0,2788697.0
1213,answered,2.0,0.0,1.0,0.0,2796619.0
1214,answered,2.0,0.0,1.0,0.0,2788619.0
1215,answered,2.0,0.0,1.0,0.0,2788631.0
1216,answered,2.0,0.0,1.0,0.0,2788659.0
1217,answered,2.0,0.0,1.0,0.0,2788588.0
1218,answered,2.0,0.0,1.0,0.0,2788620.0
1219,answered,2.0,0.0,1.0,0.0,2788673.0
1220,answered,2.0,0.0,0.0,0.0,2788626.0
1221,answered,2.0,0.0,0.0,0.0,2788682.0
1222,answered,2.0,0.0,1.0,0.0,2796686.0
1223,answered,2.0,0.0,0.0,0.0,2796558.0
1224,answered,2.0,0.0,1.0,0.0,2796586.0
1225,answered,2.0,0.0,1.0,0.0,2796604.0
1226,answered,2.0,0.0,0.0,0.0,2796604.0
1227,answered,2.0,0.0,1.0,0.0,2796719.0
1228,answered,2.0,0.0,1.0,0.0,2796709.0
1229,answered,2.0,0.0,0.0,0.0,2796711.0
1230,answered,2.0,0.0,1.0,0.0,2796711.0
1231,answered,2.0,0.0,0.0,0.0,2796704.0
1232,answered,2.0,0.0,0.0,0.0,2796705.0
1233,answered,2.0,0.0,0.0,0.0,2796716.0
1234,answered,2.0,0.0,0.0,0.0,2796601.0
1235,answered,2.0,0.0,1.0,0.0,2796601.0
1236,answered,2.0,0.0,0.0,0.0,2796707.0
1237,answered,2.0,0.0,1.0,0.0,2796707.0
1238,answered,2.0,0.0,0.0,0.0,2796597.0
1239,answered,2.0,0.0,0.0,0.0,2796708.0
1240,answered,2.0,0.0,1.0,0.0,2796708.0
1241,answered,2.0,0.0,0.0,0.0,2796596.0
1242,answered,2.0,0.0,1.0,0.0,2796596.0
1243,answered,2.0,0.0,0.0,0.0,2796713.0
1244,answered,2.0,0.0,1.0,0.0,2796713.0
1245,answered,2.0,0.0,0.0,0.0,2796606.0
1246,answered,2.0,0.0,1.0,0.0,2796606.0
1247,answered,2.0,0.0,1.0,0.0,2796600.0
1248,answered,2.0,0.0,0.0,0.0,2796605.0
1249,answered,2.0,0.0,0.0,0.0,2796007.0
1250,answered,2.0,0.0,0.0,0.0,2796682.0
1251,answered,2.0,0.0,0.0,0.0,2788619.0
1252,answered,2.0,0.0,0.0,0.0,2788662.0
1253,answered,2.0,0.0,0.0,0.0,2788604.0
1254,answered,2.0,0.0,0.0,0.0,2788683.0
1255,answered,2.0,0.0,0.0,0.0,2788684.0
1256,answered,2.0,0.0,0.0,0.0,2796019.0
1257,answered,2.0,0.0,0.0,0.0,2788645.0
1258,answered,2.0,0.0,0.0,0.0,2788659.0
1259,answered,2.0,0.0,1.0,0.0,2796651.0
1260,answered,2.0,0.0,1.0,0.0,2788692.0
1261,answered,2.0,0.0,1.0,0.0,2788634.0
1262,answered,2.0,0.0,1.0,0.0,2796007.0
1263,answered,2.0,0.0,0.0,0.0,2788575.0
1264,answered,2.0,0.0,1.0,0.0,2788649.0
1265,answered,2.0,0.0,1.0,0.0,2788572.0
1266,answered,2.0,0.0,1.0,0.0,2796547.0
1267,answered,2.0,0.0,1.0,0.0,2796559.0
1268,answered,2.0,0.0,1.0,0.0,2788607.0
1269,answered,2.0,0.0,1.0,0.0,2788676.0
1270,answered,2.0,0.0,1.0,0.0,2788671.0
1271,answered,2.0,0.0,1.0,0.0,2796593.0
1272,answered,2.0,0.0,1.0,0.0,2796684.0
1273,answered,2.0,0.0,1.0,0.0,2788644.0
1274,answered,2.0,0.0,0.0,0.0,2796592.0
1275,answered,2.0,0.0,0.0,0.0,2788611.0
1276,answered,2.0,0.0,0.0,0.0,2796589.0
1277,answered,2.0,0.0,1.0,0.0,2788636.0
1278,answered,2.0,0.0,1.0,0.0,2788698.0
1279,answered,2.0,0.0,1.0,0.0,2788669.0
1280,answered,2.0,0.0,1.0,0.0,2788638.0
1281,answered,2.0,0.0,1.0,0.0,2788587.0
1282,answered,2.0,0.0,1.0,0.0,2788626.0
1283,answered,2.0,0.0,0.0,0.0,2796655.0
1284,answered,2.0,0.0,0.0,0.0,2796684.0
1285,answered,2.0,0.0,0.0,0.0,2796526.0
1286,answered,2.0,0.0,1.0,0.0,2788647.0
1287,answered,2.0,0.0,1.0,0.0,2788584.0
1288,answered,2.0,0.0,1.0,0.0,2796511.0
1289,answered,2.0,0.0,1.0,0.0,2788679.0
1290,answered,2.0,0.0,1.0,0.0,2788608.0
1291,answered,2.0,0.0,0.0,0.0,2796635.0
1292,answered,2.0,0.0,0.0,0.0,2796014.0
1293,answered,2.0,0.0,0.0,0.0,2796715.0
1294,answered,2.0,0.0,1.0,0.0,2796704.0
1295,answered,2.0,0.0,1.0,0.0,2796705.0
1296,answered,2.0,0.0,0.0,0.0,2788601.0
1297,answered,2.0,0.0,1.0,0.0,2796019.0
1298,answered,2.0,0.0,1.0,0.0,2796668.0
1299,answered,2.0,0.0,1.0,0.0,2788609.0
1300,answered,2.0,0.0,1.0,0.0,2788577.0
1301,answered,2.0,0.0,1.0,0.0,2796655.0
1302,answered,2.0,0.0,1.0,0.0,2796023.0
1303,answered,2.0,0.0,1.0,0.0,2788582.0
1304,answered,2.0,0.0,1.0,0.0,2788643.0
1305,answered,2.0,0.0,0.0,0.0,2788609.0
1306,answered,2.0,0.0,0.0,0.0,2788614.0
1307,answered,2.0,0.0,0.0,0.0,2788572.0
1308,answered,2.0,0.0,1.0,0.0,2788601.0
1309,answered,2.0,0.0,1.0,0.0,2788662.0
1310,answered,2.0,0.0,1.0,0.0,2796622.0
1311,answered,2.0,0.0,1.0,0.0,2788622.0
1312,answered,2.0,0.0,1.0,0.0,2796658.0
1313,answered,2.0,0.0,1.0,0.0,2788612.0
1314,answered,2.0,0.0,1.0,0.0,2788660.0
1315,answered,2.0,0.0,1.0,0.0,2788681.0
1316,answered,2.0,0.0,1.0,0.0,2796567.0
1317,answered,2.0,0.0,0.0,0.0,2788633.0
1318,answered,2.0,0.0,0.0,0.0,2788641.0
1319,answered,2.0,0.0,0.0,0.0,2796691.0
1320,answered,2.0,0.0,1.0,0.0,2788633.0
1321,answered,2.0,0.0,1.0,0.0,2796698.0
1322,answered,2.0,0.0,1.0,0.0,2788684.0
1323,answered,2.0,0.0,1.0,0.0,2796674.0
1324,answered,2.0,0.0,1.0,0.0,2788625.0
1325,answered,2.0,0.0,1.0,0.0,2796676.0
1326,answered,2.0,0.0,1.0,0.0,2796588.0
1327,answered,2.0,0.0,0.0,0.0,2796511.0
1328,answered,2.0,0.0,0.0,0.0,2796537.0
1329,answered,2.0,0.0,1.0,0.0,2788575.0
1330,answered,2.0,0.0,1.0,0.0,2788630.0
1331,answered,2.0,0.0,1.0,0.0,2788614.0
1332,answered,2.0,0.0,1.0,0.0,2788585.0
1333,answered,2.0,0.0,1.0,0.0,2788604.0
1334,answered,2.0,0.0,1.0,0.0,2796657.0
1335,answered,2.0,0.0,1.0,0.0,2796664.0
1336,answered,2.0,0.0,1.0,0.0,2796530.0
1337,answered,2.0,0.0,1.0,0.0,2796666.0
1338,answered,2.0,0.0,0.0,0.0,2796686.0
1339,answered,2.0,0.0,0.0,0.0,2796530.0
1340,answered,2.0,0.0,0.0,0.0,2796658.0
1341,answered,2.0,0.0,0.0,0.0,2796616.0
1342,answered,2.0,0.0,0.0,0.0,2796662.0
1343,answered,2.0,0.0,0.0,0.0,2796579.0
1344,answered,2.0,0.0,1.0,0.0,2796557.0
1345,answered,2.0,0.0,0.0,0.0,2796581.0
1346,answered,2.0,0.0,0.0,0.0,2796510.0
1347,answered,2.0,0.0,1.0,0.0,2796016.0
1348,answered,2.0,0.0,1.0,0.0,2788650.0
1349,answered,2.0,0.0,0.0,0.0,2796668.0
1350,answered,2.0,0.0,0.0,0.0,2796688.0
1351,answered,2.0,0.0,0.0,0.0,2796685.0
1352,answered,2.0,0.0,0.0,0.0,2788581.0
1353,answered,2.0,0.0,0.0,0.0,2796674.0
1354,answered,2.0,0.0,0.0,0.0,2796583.0
1355,answered,2.0,0.0,0.0,0.0,2796562.0
1356,answered,2.0,0.0,0.0,0.0,2796021.0
1357,answered,2.0,0.0,1.0,0.0,2788591.0
1358,answered,2.0,0.0,1.0,0.0,2788606.0
1359,answered,2.0,0.0,0.0,0.0,2796645.0
1360,answered,2.0,0.0,0.0,0.0,2796625.0
1361,answered,2.0,0.0,1.0,0.0,2788683.0
1362,answered,2.0,0.0,0.0,0.0,2796664.0
1363,answered,2.0,0.0,0.0,0.0,2788627.0
1364,answered,2.0,0.0,0.0,0.0,2796598.0
1365,answered,2.0,0.0,0.0,0.0,2796719.0
1366,answered,2.0,0.0,0.0,0.0,2796718.0
1367,answered,2.0,0.0,0.0,0.0,2796641.0
1368,answered,2.0,0.0,0.0,0.0,2796717.0
1369,answered,2.0,0.0,0.0,0.0,2796018.0
1370,answered,2.0,0.0,0.0,0.0,2788605.0
1371,answered,2.0,0.0,0.0,0.0,2796505.0
1372,answered,2.0,0.0,0.0,0.0,2796563.0
1373,answered,2.0,0.0,0.0,0.0,2796538.0
1374,answered,2.0,0.0,0.0,0.0,2796575.0
1375,answered,2.0,0.0,1.0,0.0,2796562.0
1376,answered,2.0,0.0,1.0,0.0,2796507.0
1377,answered,2.0,0.0,1.0,0.0,2796564.0
1378,answered,2.0,0.0,1.0,0.0,2788581.0
1379,answered,2.0,0.0,0.0,0.0,2796516.0
1380,answered,2.0,0.0,0.0,0.0,2796535.0
1381,answered,2.0,0.0,0.0,0.0,2796634.0
1382,answered,2.0,0.0,0.0,0.0,2796700.0
1383,answered,2.0,0.0,1.0,0.0,2796625.0
1384,answered,2.0,0.0,0.0,0.0,2796679.0
1385,answered,2.0,0.0,1.0,0.0,2796679.0
1386,answered,2.0,0.0,1.0,0.0,2796018.0
1387,answered,2.0,0.0,1.0,0.0,2796573.0
1388,answered,2.0,0.0,0.0,0.0,2796659.0
1389,answered,2.0,0.0,1.0,0.0,2796539.0
1390,answered,2.0,0.0,0.0,0.0,2796566.0
1391,answered,2.0,0.0,0.0,0.0,2796683.0
1392,answered,2.0,0.0,0.0,0.0,2788580.0
1393,answered,2.0,0.0,0.0,0.0,2796531.0
1394,answered,2.0,0.0,0.0,0.0,2796578.0
1395,answered,2.0,0.0,0.0,0.0,2796585.0
1396,answered,2.0,0.0,1.0,0.0,2796531.0
1397,answered,2.0,0.0,0.0,0.0,2796665.0
1398,answered,2.0,0.0,1.0,0.0,2796510.0
1399,answered,2.0,0.0,0.0,0.0,2796534.0
1400,answered,2.0,0.0,1.0,0.0,2796691.0
1401,answered,2.0,0.0,1.0,0.0,2796578.0
1402,answered,2.0,0.0,1.0,0.0,2796699.0
1403,answered,2.0,0.0,1.0,0.0,2796634.0
1404,answered,2.0,0.0,0.0,0.0,2796706.0
1405,abandoned,3.0,0.0,0.0,0.0,2796581.0
1406,abandoned,3.0,0.0,0.0,0.0,2796679.0
1407,abandoned,3.0,0.0,0.0,0.0,2788682.0
1408,abandoned,3.0,0.0,0.0,0.0,2796018.0
1409,abandoned,3.0,0.0,0.0,0.0,2796567.0
1410,abandoned,3.0,0.0,0.0,0.0,2788575.0
1411,abandoned,3.0,0.0,0.0,0.0,2788625.0
1412,abandoned,3.0,0.0,0.0,0.0,2796655.0
1413,abandoned,3.0,0.0,0.0,0.0,2788604.0
1414,abandoned,3.0,0.0,0.0,0.0,2710303.0
1415,abandoned,3.0,0.0,0.0,0.0,2788662.0
1416,abandoned,3.0,0.0,0.0,0.0,2796531.0
1417,abandoned,3.0,0.0,0.0,0.0,2796578.0
1418,abandoned,3.0,0.0,0.0,0.0,2796658.0
1419,abandoned,3.0,0.0,0.0,0.0,2796651.0
1420,abandoned,3.0,0.0,0.0,0.0,2796709.0
1421,abandoned,3.0,0.0,0.0,0.0,2796704.0
1422,abandoned,3.0,0.0,0.0,0.0,2796599.0
1423,forced_busy,5.0,0.0,0.0,0.0,2796597.0
1424,forced_disconnect,6.0,0.0,0.0,0.0,2796000.0
1425,forced_disconnect,6.0,0.0,0.0,0.0,2796012.0
1426,forced_disconnect,6.0,0.0,0.0,0.0,2796022.0
1427,forced_disconnect,6.0,0.0,0.0,0.0,2796569.0
1428,forced_disconnect,6.0,0.0,0.0,0.0,2796588.0
1429,forced_disconnect,6.0,0.0,0.0,0.0,2796543.0
1430,forced_disconnect,6.0,0.0,0.0,0.0,2796594.0
1431,forced_disconnect,6.0,0.0,0.0,0.0,2796574.0
1432,forced_disconnect,6.0,0.0,0.0,0.0,2796647.0
1433,forced_disconnect,6.0,0.0,0.0,0.0,2796689.0
1434,forced_disconnect,6.0,0.0,0.0,0.0,2796501.0
1435,forced_disconnect,6.0,0.0,0.0,0.0,2788669.0
1436,forced_disconnect,6.0,0.0,0.0,0.0,2796652.0
1437,forced_disconnect,6.0,0.0,0.0,0.0,2796593.0
1438,forced_disconnect,6.0,0.0,0.0,0.0,2796017.0
1439,forced_disconnect,6.0,0.0,0.0,0.0,2796650.0
1440,forced_disconnect,6.0,0.0,0.0,0.0,2796502.0
1441,forced_disconnect,6.0,0.0,0.0,0.0,2796591.0
1442,forced_disconnect,6.0,0.0,0.0,0.0,2796587.0
1443,forced_disconnect,6.0,0.0,0.0,0.0,2796503.0
1444,forced_disconnect,6.0,0.0,0.0,0.0,2796506.0
1445,forced_disconnect,6.0,0.0,0.0,0.0,2796584.0
1446,forced_disconnect,6.0,0.0,0.0,0.0,2796586.0
1447,forced_disconnect,6.0,0.0,0.0,0.0,2796705.0
1448,forced_disconnect,6.0,0.0,0.0,0.0,2796704.0
1449,forced_disconnect,6.0,0.0,0.0,0.0,2796540.0
1450,forced_disconnect,6.0,0.0,0.0,0.0,2796709.0
1451,forced_disconnect,6.0,0.0,0.0,0.0,2796718.0
1452,forced_disconnect,6.0,0.0,0.0,0.0,2796707.0
1453,forced_disconnect,6.0,0.0,0.0,0.0,2796712.0
1454,forced_disconnect,6.0,0.0,0.0,0.0,2796719.0
1455,forced_disconnect,6.0,0.0,0.0,0.0,2796708.0
1456,forced_disconnect,6.0,0.0,0.0,0.0,2796596.0
1457,forced_disconnect,6.0,0.0,0.0,0.0,2796711.0
1458,forced_disconnect,6.0,0.0,0.0,0.0,2796601.0
1459,forced_disconnect,6.0,0.0,0.0,0.0,2796713.0
1460,forced_disconnect,6.0,0.0,0.0,0.0,2796604.0
1461,forced_disconnect,6.0,0.0,0.0,0.0,2796589.0
1462,forced_disconnect,6.0,0.0,0.0,0.0,2796643.0
1463,forced_disconnect,6.0,0.0,0.0,0.0,2796505.0
1464,forced_disconnect,6.0,0.0,0.0,0.0,2796667.0
1465,forced_disconnect,6.0,0.0,0.0,0.0,2796635.0
1466,forced_disconnect,6.0,0.0,0.0,0.0,2796679.0
1467,forced_disconnect,6.0,0.0,0.0,0.0,2796681.0
1468,forced_disconnect,6.0,0.0,0.0,0.0,2796621.0
1469,forced_disconnect,6.0,0.0,0.0,0.0,2796701.0
1470,forced_disconnect,6.0,0.0,0.0,0.0,2796670.0
1471,forced_disconnect,6.0,0.0,0.0,0.0,2796610.0
1472,forced_disconnect,6.0,0.0,0.0,0.0,2796560.0
1473,forced_disconnect,6.0,0.0,0.0,0.0,2796549.0
1474,forced_disconnect,6.0,0.0,0.0,0.0,2796550.0
1475,forced_disconnect,6.0,0.0,0.0,0.0,2796671.0
1476,forced_disconnect,6.0,0.0,0.0,0.0,2796513.0
1477,forced_disconnect,6.0,0.0,0.0,0.0,2796581.0
1478,forced_disconnect,6.0,0.0,0.0,0.0,2796511.0
1479,forced_disconnect,6.0,0.0,0.0,0.0,2796571.0
1480,forced_disconnect,6.0,0.0,0.0,0.0,2788635.0
1481,forced_disconnect,6.0,0.0,0.0,0.0,2796016.0
1482,forced_disconnect,6.0,0.0,0.0,0.0,2796590.0
1483,forced_disconnect,6.0,0.0,0.0,0.0,2788613.0
1484,forced_disconnect,6.0,0.0,0.0,0.0,2796530.0
1485,forced_disconnect,6.0,0.0,0.0,0.0,2796558.0
1486,forced_disconnect,6.0,0.0,0.0,0.0,2788592.0
1487,forced_disconnect,6.0,0.0,0.0,0.0,2796001.0
1488,forced_disconnect,6.0,0.0,0.0,0.0,2796559.0
1489,forced_disconnect,6.0,0.0,0.0,0.0,2796546.0
1490,forced_disconnect,6.0,0.0,0.0,0.0,2788624.0
1491,forced_disconnect,6.0,0.0,0.0,0.0,2796556.0
1492,forced_disconnect,6.0,0.0,0.0,0.0,2796633.0
1493,forced_disconnect,6.0,0.0,0.0,0.0,2796547.0
1494,forced_disconnect,6.0,0.0,0.0,0.0,2796020.0
1495,forced_disconnect,6.0,0.0,0.0,0.0,2788641.0
1496,forced_disconnect,6.0,0.0,0.0,0.0,2788681.0
1497,forced_disconnect,6.0,0.0,0.0,0.0,2788588.0
1498,forced_disconnect,6.0,0.0,0.0,0.0,2796006.0
1499,forced_disconnect,6.0,0.0,0.0,0.0,2788675.0
1500,forced_disconnect,6.0,0.0,0.0,0.0,2796514.0
1501,abandoned,3.0,0.0,0.0,0.0,2796703.0
1502,abandoned,3.0,0.0,0.0,0.0,2796712.0
1503,abandoned,3.0,0.0,0.0,0.0,2796718.0
1504,abandoned,3.0,0.0,0.0,0.0,2796714.0
1505,abandoned,3.0,0.0,0.0,0.0,2796717.0
1506,abandoned,3.0,0.0,0.0,0.0,2796540.0
1507,abandoned,3.0,0.0,0.0,0.0,2796643.0
1508,abandoned,3.0,0.0,0.0,0.0,2796564.0
1509,abandoned,3.0,0.0,0.0,0.0,2796573.0
1510,abandoned,3.0,0.0,0.0,0.0,2796557.0
1511,abandoned,3.0,0.0,0.0,0.0,2710330.0
1512,abandoned,3.0,0.0,0.0,0.0,2796538.0
1513,abandoned,3.0,0.0,0.0,0.0,2710374.0
1514,abandoned,3.0,0.0,0.0,0.0,2796577.0
1515,abandoned,3.0,0.0,0.0,0.0,2710343.0
1516,abandoned,3.0,0.0,0.0,0.0,2796021.0
1517,abandoned,3.0,0.0,0.0,0.0,2796616.0
1518,abandoned,3.0,0.0,0.0,0.0,2710370.0
1519,abandoned,3.0,0.0,0.0,0.0,2796662.0
1520,abandoned,3.0,0.0,0.0,0.0,2710373.0
1521,abandoned,3.0,0.0,0.0,0.0,2796691.0
1522,abandoned,3.0,0.0,0.0,0.0,2796511.0
1523,abandoned,3.0,0.0,0.0,0.0,2788580.0
