VDNKey,Nom_VDN,VDN_ID,Zone_geographique
1,LH_OFL_22013,2788675.0,France
2,LH_OFL_22228,2796550.0,France
3,LH_OFL_22231,2796549.0,France
4,LH_CORPORATE,2796569.0,France
5,LH_CL_PC_VILLEPINTE,2796504.0,France
6,LH_PC_BORDEAUX_SUD,2796551.0,France
7,LH_EN_CA_BLANCMES_C2,2796514.0,France
8,LH_OFL_21919,2788656.0,France
9,LH_OFL_22052,2788688.0,France
10,LH_RCWBRPC,2796584.0,France
11,LH_OFS_22118,2788592.0,France
12,GT_ FRANCE,2796604.0,France
13,LH_INTERNATIONAL,2796600.0,International
14,LH_EN_PC_VILLEPIN_C2,2796513.0,France
15,LH_OFL_21980,2796008.0,France
16,LH_OFL_22157,2796681.0,France
17,LH_OFL_21791,2788616.0,France
18,LH_OFS_22231,2796024.0,France
19,LH_RCWBRCA,2796586.0,France
20,LH_OFL_21903,2788649.0,France
21,LH_RCWBRKY,2796587.0,France
22,LH_EN_PC_BLANCMES_C2,2796515.0,France
23,LH_CL_PC_ROISSY,2796503.0,France
24,LH_OFL_21796,2788617.0,France
25,LH_OFS_22266,2788576.0,France
26,LH_OFL_22035,2788681.0,France
27,LH_OFL_21895,2788646.0,France
28,LH_CL_GT_ROISSY,2796501.0,France
29,LH_CL_PC_BLANCMESNIL,2796506.0,France
30,LH_MULTI_NL_2,2796596.0,Europe
31,LH_OFL_21989,2796009.0,France
32,LH_OFS_22136,2788589.0,France
33,LH_OFS_22281,2796618.0,France
34,GT_GERMANY,2796707.0,Europe
35,LH_OFL_21987,2788671.0,France
36,LH_OFL_21915,2788654.0,France
37,LH_OFL_21859,2788637.0,France
38,LH_OFL_21809,2788621.0,France
39,LH_EN_CA_ROISSY_C2,2796509.0,France
40,LH_OFL_21746,2788603.0,France
41,LH_OFL_21904,2788650.0,France
42,LH_OFL_22163,2796560.0,France
43,LH_RCGUIPC,2796591.0,France
44,GT_INTERNATIONAL_CH1,2710413.0,International
45,LH_OFS_22148,2788590.0,France
46,LH_OFL_22179,2796671.0,France
47,LH_OFL_22050,2788686.0,France
48,LH_OFL_21778,2788609.0,France
49,LH_OFL_21995,2796010.0,France
50,LH_OFS_22185,2710324.0,France
51,LH_OFL_21932,2788660.0,France
52,LH_OFL_21801,2788620.0,France
53,LH_OFL_21790,2788615.0,France
54,LH_OFL_21817,2788624.0,France
55,LH_MULTI_APV,2796543.0,France
56,LH_RCGUICA,2796574.0,France
57,LH_OFL_21999,2788673.0,France
58,LH_OFS_22181,2796020.0,France
59,LH_OFL_22089,2796013.0,France
60,LH_OFL_21740,2788600.0,France
61,LH_OFL_21940,2796006.0,France
62,LH_OFL_21921,2788657.0,France
63,LH_OFL_22062,2788689.0,France
64,LH_OFL_21826,2796003.0,France
65,LH_OFL_22023,2788678.0,France
66,LH_OFS_22173,2796017.0,France
67,LH_OFL_22173,2796621.0,France
68,LH_OFL_21800,2788619.0,France
69,LH_OFL_50038,2788588.0,France
70,LH_OFL_21884,2788643.0,France
71,LH_OFL_21777,2788608.0,France
72,LH_OFL_21842,2788631.0,France
73,LH_OFL_21885,2788644.0,France
74,LH_CL_CA_VILLEPINTE,2796502.0,France
75,LH_OFL_21986,2788670.0,France
76,LH_OFL_21929,2788659.0,France
77,LH_OFL_22043,2788683.0,France
78,LH_OFL_22221,2796610.0,France
79,LH_OFL_22180,2788574.0,France
80,LH_OFS_22258,2796559.0,France
81,LH_OFL_22383,2788584.0,France
82,LH_OFS_22174,2796667.0,France
83,LH_OFL_21786,2788612.0,France
84,LH_OFL_22024,2796011.0,France
85,LH_OFL_22316,2788581.0,France
86,LH_OFL_21853,2788634.0,France
87,LH_OFL_22177,2796670.0,France
88,LH_OFL_22051,2788687.0,France
89,LH_OFL_21799,2788618.0,France
90,LH_CL_CA_BLANCMESNIL,2796505.0,France
91,GT_BRAZIL_CHOIX_1,2710384.0,International
92,LH_RCWMOKY,2796588.0,France
93,LH_OFL_21972,2788666.0,France
94,LH_OFL_21840,2788630.0,France
95,LH_OFL_21902,2788648.0,France
96,LH_OFL_21787,2788613.0,France
97,LH_OFL_21928,2788658.0,France
98,LH_PC_0021_C1,2710301.0,France
99,LH_OFL_22079,2796012.0,France
100,LH_OFL_22064,2788691.0,France
101,LH_OFL_21899,2796004.0,France
102,LH_OFL_22090,2788697.0,France
103,LH_OFS_22283,2796615.0,France
104,LH_OFL_21890,2788645.0,France
105,LH_OFL_22233,2796548.0,France
106,LH_PC_0043_C1,2710306.0,France
107,LH_OFL_22082,2788693.0,France
108,LH_OFS_22283,2710354.0,France
109,LH_OFL_21779,2788610.0,France
110,LH_OFL_21983,2788668.0,France
111,LH_OFL_22193,2796633.0,France
112,LH_OFL_21834,2788628.0,France
113,LH_OFL_21815,2788623.0,France
114,LH_OFL_22087,2788695.0,France
115,LH_OFS_22279,2796547.0,France
116,LH_EN_PC_ROISSY_C2,2796512.0,France
117,LH_OFL_21794,2796001.0,France
118,LH_OFS_22116,2796675.0,France
119,LH_RCWMOPC,2796589.0,France
120,LH_OFL_22001,2788674.0,France
121,LH_OFL_21985,2788669.0,France
122,LH_OFL_22045,2788684.0,France
123,LH_OFL_21877,2788641.0,France
124,LH_OFL_22029,2788679.0,France
125,LH_CL_KP_BLANCMESNIL,2796507.0,France
126,LH_OFS_22212,2796022.0,France
127,LH_CL_PC_ROISS_C2_EN,2796537.0,France
128,LH_OFL_21857,2788636.0,France
129,LH_CL_CA_ROISSY_EN,2796526.0,France
130,LH_OFL_22093,2788698.0,France
131,LH_OFS_22277,2796689.0,France
132,LH_OFL_21776,2788607.0,France
133,LH_OFL_22332,2788582.0,France
134,LH_OFL_21878,2788642.0,France
135,LH_EN_KY_BLANCMES_C2,2796516.0,France
136,LH_CL_CA_BLNCM_C2_EN,2796539.0,France
137,LH_OFL_22021,2788677.0,France
138,LH_OFL_23393,2788587.0,France
139,LH_OFL_21860,2788638.0,France
140,LH_OFS_22281,2710357.0,France
141,LH_CL_GT_ROISS_C2_EN,2796535.0,France
142,LH_MULTI_UK_2,2796601.0,Europe
143,GT_SPAIN,2796708.0,Europe
144,LH_MULTI_IT_2,2796598.0,Europe
145,GT_INDIA_CH1,2710411.0,International
146,GT_USA_CH1,2710420.0,International
147,GT_ROMANIA_CH1,2710416.0,Europe
148,LH_MULTI_DE,2796597.0,Europe
149,GT_RUSSIA_CH1,2710417.0,Europe
150,GT_UA_EMIRATES,2796705.0,International
151,GT_ITALY,2796605.0,Europe
152,LH_OFL_22049,2788685.0,France
153,LH_OFL_22181,2796624.0,France
154,LH_OFS_22109,2710344.0,France
155,LH_OFL_21813,2788622.0,France
156,LH_OFS_22292,2710352.0,France
157,LH_OFL_21914,2788653.0,France
158,LH_OFL_21934,2788661.0,France
159,LH_OFL_21963,2788664.0,France
160,LH_OFS_22124,2796676.0,France
161,LH_OFL_22258,2796558.0,France
162,LH_OFL_22088,2788696.0,France
163,LH_OFL_21749,2788604.0,France
164,LH_OFL_22368,2788583.0,France
165,LH_OFL_22186,2796556.0,France
166,LH_OFL_21789,2796000.0,France
167,LH_OFL_22212,2796701.0,France
168,LH_OFS_22127,2796015.0,France
169,LH_OFL_22466,2788585.0,France
170,LH_OFL_22065,2788692.0,France
171,LH_OFL_22063,2788690.0,France
172,LH_OFS_22177,2796018.0,France
173,LH_RCWMOCA,2796585.0,France
174,LH_OFS_22239,2710309.0,France
175,LH_OFL_21806,2796002.0,France
176,LH_OFL_22019,2788676.0,France
177,LH_OFL_21785,2788611.0,France
178,LH_RCPPCKY,2796594.0,France
179,LH_OFL_22030,2788680.0,France
180,LH_OFL_21823,2788625.0,France
181,LH_OFL_21942,2796007.0,France
182,LH_OFL_21855,2788635.0,France
183,LH_OFL_21764,2788606.0,France
184,LH_OFL_21916,2788655.0,France
185,LH_OFL_21975,2788667.0,France
186,LH_OFL_21743,2788601.0,France
187,LH_RCGOOCA,2796578.0,France
188,LH_OFS_22221,2796023.0,France
189,LH_OFL_22037,2788682.0,France
190,LH_MULTI_FR_C1,2710299.0,France
191,LH_OFL_22271,2788578.0,France
192,LH_PARTENARIATS,2796564.0,France
193,LH_OFL_21946,2788662.0,France
194,LH_SALARIES,2796571.0,France
195,LH_OFL_22097,2788699.0,France
196,LH_OFL_21897,2788647.0,France
197,LH_OFL_21788,2788614.0,France
198,LH_EN_CA_VILLEPIN_C2,2796511.0,France
199,LH_OFL_21835,2788629.0,France
200,LH_PC_0006_C1,2710304.0,France
201,LH_OFS_22251,2788591.0,France
202,LH_OFL_21828,2788626.0,France
203,LH_OFL_21912,2788652.0,France
204,LH_OFL_21906,2796005.0,France
205,LH_OFL_22279,2796546.0,France
206,LH_PC_0103_C1,2710316.0,France
207,LH_OFS_22248,2796684.0,France
208,LH_OFL_22124,2788572.0,France
209,LH_CL_CA_ROISS_C2_EN,2796534.0,France
210,LH_RCPPCMPC,2796561.0,France
211,LH_MULTI_FR,2796635.0,France
212,LH_RCPPCCA,2796593.0,France
213,LH_OFS_22163,2796545.0,France
214,LH_OFL_22188,2788575.0,France
215,LH_OFS_22271_C1,2710375.0,France
216,LH_OFL_22266,2788577.0,France
217,GT_UK_CHOIX_1,2710419.0,Europe
218,GT_INDONESIA_CH1,2710412.0,International
219,LH_RCPPCMCA,2796562.0,France
220,LH_OFL_21850,2788633.0,France
221,LH_PC_0044_C1,2710312.0,France
222,LH_OFL_22119,2796554.0,France
223,GT_CANADA_CH1,2710409.0,International
224,LH_OFS_22228,2710305.0,France
225,LH_OFS_22186,2796557.0,France
226,LH_RCTRADV,2796575.0,France
227,LH_OFS_22180,2796622.0,France
228,GT_MORROCCO,2796703.0,International
229,GT_SAUDI_ARABIA,2796704.0,International
230,LH_SPORTIFS,2796567.0,France
231,LH_OFS_22162,2796682.0,France
232,LH_PC_0176_C1,2710313.0,France
233,LH_PC_0080_C1,2710318.0,France
234,LH_EN_GT_ROISSY_C2,2796510.0,France
235,LH_OFS_22157,2796016.0,France
236,LH_OFS_22179,2796019.0,France
237,LH_OFS_22119,2796014.0,France
238,LH_OFS_22265,2796686.0,France
239,LH_OFS_22188,2796625.0,France
240,LH_CA_Paris_PE,2796579.0,France
241,LH_PC_0152_C1,2710317.0,France
242,LH_OFL_22133,2788573.0,France
243,LH_PC_0153_C1,2710311.0,France
244,LH_RCWHOKY,2796582.0,France
245,LH_RCPPCPC,2796592.0,France
246,LH_OFS_22176,2710320.0,France
247,LH_OFS_22287,2796691.0,France
248,LH_OFS_22100,2710361.0,France
249,LH_OFS_22265,2710373.0,France
250,LH_CL_PC_VILLEPIN_EN,2796530.0,France
251,LH_PC_VITROLLES_ANJO,2796616.0,France
252,LH_PC_0042_C1,2710314.0,France
253,LH_RCWHOCA,2796581.0,France
254,LH_OFS_22271,2710375.0,France
255,LH_PC_2258_C1,2710372.0,France
256,LH_RCWHOPC,2796583.0,France
257,LH_OFS_22193,2796021.0,France
258,LH_RES_PC_FR_C1,2710298.0,France
259,LH_OFL_21833,2788627.0,France
260,GT_THAILAND_CH1,2710418.0,International
261,LH_OFL_21760,2788605.0,France
262,LH_RCPPCMKY,2796563.0,France
263,LH_CL_PC_VILLP_C2_EN,2796538.0,France
264,LH_OFS_22190,2796634.0,France
265,LH_PC_VILLEPINTE_C1,2710346.0,France
266,LH_OFL_22127,2796679.0,France
267,LH_RCGUIKY,2796573.0,France
268,LH_JUDO,2796566.0,France
269,LH_PC_2163_C1,2710370.0,France
270,LH_OFL_22299,2788580.0,France
271,LH_CL_CA_BLANCMES_EN,2796531.0,France
272,LH_PC_BLC_MESNIL_C1,2710345.0,France
273,LH_OFS_22271,2796688.0,France
274,GT_NETHERLND_CHOIX_1,2710404.0,Europe
275,LH_PC_0033_C1,2710303.0,France
276,LH_MULTI_ES_2,2796599.0,Europe
277,LH_CHINOIS,2796540.0,International
278,LH_PFYC2,2796643.0,France
279,LH_RCHAULH,2796590.0,France
280,GT_INDIA,2796711.0,International
281,GT_ROMANIA,2796715.0,Europe
282,GT_USA,2796719.0,International
283,GT_INDONESIA,2796712.0,International
284,GT_UK,2796718.0,Europe
285,GT_POLAND,2796714.0,Europe
286,GT_THAILAND,2796717.0,International
287,GT_RUSSIA,2796716.0,Europe
288,GT_CANADA,2796709.0,International
289,LH_PC_0203_C1,2710330.0,France
290,LH_PC_2268_C1,2710374.0,France
291,LH_RCGOOKY,2796577.0,France
292,LH_PC_ORLE_OLIVET_C1,2710343.0,France
293,LH_OFS_22265_C1,2710373.0,France
294,GT_BRAZIL,2796606.0,International
295,GT_INTERNATIONAL,2796713.0,International
